p_height,p_x_speed,p_y_speed,p_z_speed,p_pitch,p_roll,p_yaw,p_temperature,p_flight_time,p_battery,p_mp_distance_x,p_mp_distance_y,p_mp_distance_z,frame.len,wlan.duration,wlan.ra,wlan.ta,wlan.da,wlan.sa,wlan.bssid,wlan.frag,wlan.seq,wlan.fc.type,wlan.fc.subtype,data.len,class
130,0,0,0,0,0,-173,63.0,82,57,11,-9,-998,296,44,1,0,0,1,0,0,68,2,8,217,evil_twin
130,0,0,0,0,0,-173,63.0,82,57,11,-9,-998,296,44,1,0,0,1,0,0,69,2,8,217,evil_twin
130,0,0,0,0,0,-173,63.0,82,57,7,-2,-1003,294,44,1,0,0,1,0,0,70,2,8,215,evil_twin
130,0,0,0,0,0,-173,63.0,82,57,7,-2,-1003,295,44,1,0,0,1,0,0,71,2,8,216,evil_twin
130,0,0,0,0,0,-173,63.0,82,57,-4,1,-993,294,44,1,0,0,1,0,0,72,2,8,215,evil_twin
130,0,0,0,0,0,-173,63.0,82,57,-4,1,-993,294,44,1,0,0,1,0,0,73,2,8,215,evil_twin
130,0,0,0,0,0,-173,63.0,82,57,4,-7,-1003,294,44,1,0,0,1,0,0,73,2,8,215,evil_twin
130,0,0,0,0,0,-173,63.0,82,57,4,-7,-1003,294,44,1,0,0,1,0,0,73,2,8,215,evil_twin
130,0,0,0,0,0,-173,63.0,82,57,2,1,-1007,294,44,1,0,0,1,0,0,73,2,8,215,evil_twin
130,0,0,0,0,0,-173,63.0,82,57,2,1,-1007,294,44,1,0,0,1,0,0,74,2,8,215,evil_twin
130,0,0,0,0,0,-173,63.0,82,57,4,-13,-984,293,44,1,0,0,1,0,0,75,2,8,214,evil_twin
130,0,0,0,0,0,-173,63.0,82,57,4,-13,-984,294,44,1,0,0,1,0,0,76,2,8,215,evil_twin
130,0,0,0,0,0,-173,62.5,82,57,0,2,-1008,294,44,1,0,0,1,0,0,77,2,8,215,evil_twin
130,0,0,0,0,0,-173,62.5,82,57,0,2,-1008,295,44,1,0,0,1,0,0,78,2,8,216,evil_twin
130,0,0,0,0,0,-173,62.5,82,57,0,2,-1008,296,44,1,0,0,1,0,0,79,2,8,217,evil_twin
130,0,0,0,0,0,-173,62.5,82,57,0,2,-1008,294,44,1,0,0,1,0,0,80,2,8,215,evil_twin
130,0,0,0,0,0,-173,62.5,82,57,11,3,-1015,295,44,1,0,0,1,0,0,81,2,8,216,evil_twin
130,0,0,0,0,0,-173,62.5,82,57,11,3,-1015,295,44,1,0,0,1,0,0,82,2,8,216,evil_twin
130,0,0,0,0,0,-173,62.5,82,57,-1,-1,-988,125,44,1,0,0,1,0,0,83,2,8,46,evil_twin
130,0,0,0,0,0,-173,62.5,82,57,-1,-1,-988,297,44,1,0,0,1,0,0,84,2,8,218,evil_twin
130,0,0,0,0,0,-173,62.5,82,57,5,-11,-993,294,44,1,0,0,1,0,0,85,2,8,215,evil_twin
130,0,0,0,0,0,-173,62.5,82,57,5,-11,-993,141,44,0,1,1,0,0,0,124,2,8,62,evil_twin
130,0,0,0,0,0,-173,62.5,83,57,0,-12,-999,296,44,1,0,0,1,0,0,86,2,8,217,evil_twin
130,0,0,0,0,0,-173,62.5,83,57,0,-12,-999,296,44,1,0,0,1,0,0,87,2,8,217,evil_twin
130,0,0,0,0,0,-173,62.5,83,57,-4,-10,-992,296,44,1,0,0,1,0,0,88,2,8,217,evil_twin
130,0,0,0,0,0,-173,62.5,83,57,-4,-10,-992,298,44,1,0,0,1,0,0,89,2,8,219,evil_twin
130,0,0,0,0,0,-173,62.5,83,57,8,-13,-988,298,44,1,0,0,1,0,0,90,2,8,219,evil_twin
130,0,0,0,0,0,-173,62.5,83,57,8,-13,-988,300,44,1,0,0,1,0,0,91,2,8,221,evil_twin
130,0,0,0,0,0,-173,62.5,83,57,11,-3,-993,301,44,1,0,0,1,0,0,92,2,8,222,evil_twin
130,0,0,0,0,0,-173,62.5,83,57,11,-3,-993,298,44,1,0,0,1,0,0,93,2,8,219,evil_twin
130,0,0,0,0,0,-173,62.5,83,57,2,0,-1007,299,44,1,0,0,1,0,0,94,2,8,220,evil_twin
130,0,0,0,0,0,-173,62.5,83,57,2,0,-1007,298,44,1,0,0,1,0,0,95,2,8,219,evil_twin
130,0,0,0,-2,0,-173,62.5,83,57,13,-8,-1028,296,44,1,0,0,1,0,0,96,2,8,217,evil_twin
130,0,0,0,-2,0,-173,62.5,83,57,13,-8,-1028,299,44,1,0,0,1,0,0,97,2,8,220,evil_twin
130,0,0,0,-7,0,-173,63.5,83,57,9,4,-998,300,44,1,0,0,1,0,0,98,2,8,221,evil_twin
130,0,0,0,-7,0,-173,63.5,83,57,9,4,-998,298,44,1,0,0,1,0,0,100,2,8,219,evil_twin
130,0,0,0,-7,0,-173,63.5,83,57,9,4,-998,297,44,1,0,0,1,0,0,102,2,8,218,evil_twin
130,0,0,0,-7,0,-173,63.5,83,57,9,4,-998,299,44,1,0,0,1,0,0,103,2,8,220,evil_twin
130,2,0,0,-5,0,-173,63.5,83,57,-5,4,-995,125,44,1,0,0,1,0,0,105,2,8,46,evil_twin
130,2,0,0,-5,0,-173,63.5,83,57,-5,4,-995,294,44,1,0,0,1,0,0,106,2,8,215,evil_twin
130,3,0,0,-2,-1,-173,63.5,83,57,-25,-10,-997,141,44,0,1,1,0,0,0,125,2,8,62,evil_twin
130,3,0,0,-2,-1,-173,63.5,83,57,-25,-10,-997,296,44,1,0,0,1,0,0,107,2,8,217,evil_twin
130,3,0,0,-1,0,-173,63.5,83,57,-12,3,-1015,296,44,1,0,0,1,0,0,108,2,8,217,evil_twin
130,3,0,0,-1,0,-173,63.5,83,57,-12,3,-1015,298,44,1,0,0,1,0,0,109,2,8,219,evil_twin
130,3,0,0,0,0,-173,63.5,84,57,-7,2,-1016,297,44,1,0,0,1,0,0,110,2,8,218,evil_twin
130,3,0,0,0,0,-173,63.5,84,57,-7,2,-1016,295,44,1,0,0,1,0,0,111,2,8,216,evil_twin
130,2,0,0,0,0,-173,63.5,84,57,-3,-10,-974,295,44,1,0,0,1,0,0,112,2,8,216,evil_twin
130,2,0,0,0,0,-173,63.5,84,57,-3,-10,-974,295,44,1,0,0,1,0,0,113,2,8,216,evil_twin
130,2,0,0,0,0,-173,63.5,84,57,-11,1,-1008,295,44,1,0,0,1,0,0,114,2,8,216,evil_twin
130,2,0,0,0,0,-173,63.5,84,57,-11,1,-1008,296,44,1,0,0,1,0,0,115,2,8,217,evil_twin
130,2,0,0,0,0,-173,63.5,84,57,2,-5,-995,296,44,1,0,0,1,0,0,116,2,8,217,evil_twin
130,2,0,0,0,0,-173,63.5,84,57,2,-5,-995,296,44,1,0,0,1,0,0,117,2,8,217,evil_twin
130,2,0,0,0,0,-173,63.5,84,57,4,0,-1003,296,44,1,0,0,1,0,0,118,2,8,217,evil_twin
130,2,0,0,0,0,-173,63.5,84,57,4,0,-1003,298,44,1,0,0,1,0,0,119,2,8,219,evil_twin
130,2,0,0,0,0,-173,63.5,84,57,-1,3,-995,295,44,1,0,0,1,0,0,120,2,8,216,evil_twin
130,2,0,0,0,0,-173,63.5,84,57,-1,3,-995,297,44,1,0,0,1,0,0,121,2,8,218,evil_twin
130,2,0,0,0,0,-173,63.5,84,57,0,0,-1006,297,44,1,0,0,1,0,0,122,2,8,218,evil_twin
130,2,0,0,0,0,-173,63.5,84,57,0,0,-1006,297,44,1,0,0,1,0,0,123,2,8,218,evil_twin
130,2,0,0,0,0,-173,63.5,84,57,0,0,-1006,299,44,1,0,0,1,0,0,124,2,8,220,evil_twin
130,2,0,0,0,0,-173,63.5,84,57,0,0,-1006,125,44,1,0,0,1,0,0,125,2,8,46,evil_twin
120,2,0,0,0,0,-173,63.5,84,57,-5,3,-994,296,44,1,0,0,1,0,0,126,2,8,217,evil_twin
120,2,0,0,0,0,-173,63.5,84,57,-5,3,-994,295,44,1,0,0,1,0,0,127,2,8,216,evil_twin
120,2,0,0,0,0,-173,63.5,84,57,-5,0,-1002,295,44,1,0,0,1,0,0,128,2,8,216,evil_twin
120,2,0,0,0,0,-173,63.5,84,57,-5,0,-1002,294,44,1,0,0,1,0,0,129,2,8,215,evil_twin
120,2,0,0,0,0,-173,63.5,84,57,-3,0,-1003,296,44,1,0,0,1,0,0,130,2,8,217,evil_twin
120,2,0,0,0,0,-173,63.5,84,57,-3,0,-1003,296,44,1,0,0,1,0,0,131,2,8,217,evil_twin
120,2,0,0,1,0,-173,63.5,85,57,7,12,-1028,296,44,1,0,0,1,0,0,132,2,8,217,evil_twin
120,2,0,0,1,0,-173,63.5,85,57,7,12,-1028,297,44,1,0,0,1,0,0,133,2,8,218,evil_twin
120,1,0,0,4,0,-173,63.5,85,57,-4,8,-995,295,44,1,0,0,1,0,0,134,2,8,216,evil_twin
120,1,0,0,4,0,-173,63.5,85,57,-4,8,-995,296,44,1,0,0,1,0,0,135,2,8,217,evil_twin
120,1,0,0,3,0,-173,63.5,85,56,1,-5,-988,295,44,1,0,0,1,0,0,136,2,8,216,evil_twin
120,1,0,0,3,0,-173,63.5,85,56,1,-5,-988,296,44,1,0,0,1,0,0,137,2,8,217,evil_twin
120,0,0,0,2,0,-173,63.5,85,56,4,0,-1015,296,44,1,0,0,1,0,0,138,2,8,217,evil_twin
120,0,0,0,2,0,-173,63.5,85,56,4,0,-1015,298,44,1,0,0,1,0,0,139,2,8,219,evil_twin
120,0,0,0,1,0,-173,63.5,85,56,7,1,-1008,296,44,1,0,0,1,0,0,141,2,8,217,evil_twin
120,0,0,0,1,0,-173,63.5,85,56,7,1,-1008,294,44,1,0,0,1,0,0,142,2,8,215,evil_twin
130,0,0,0,6,0,-173,63.5,85,56,14,3,-1000,296,44,1,0,0,1,0,0,145,2,8,217,evil_twin
130,0,0,0,6,0,-173,63.5,85,56,14,3,-1000,141,44,0,1,1,0,0,0,126,2,8,62,evil_twin
130,0,0,0,6,0,-173,63.5,85,56,14,3,-1000,296,44,1,0,0,1,0,0,147,2,8,217,evil_twin
130,0,0,0,6,0,-173,63.5,85,56,14,3,-1000,295,44,1,0,0,1,0,0,148,2,8,216,evil_twin
130,-1,0,0,8,0,-173,63.0,85,56,13,6,-1035,296,44,1,0,0,1,0,0,149,2,8,217,evil_twin
130,-1,0,0,8,0,-173,63.0,85,56,13,6,-1035,294,44,1,0,0,1,0,0,150,2,8,215,evil_twin
130,-2,0,0,6,0,-173,63.0,85,56,30,1,-1017,294,44,1,0,0,1,0,0,151,2,8,215,evil_twin
130,-2,0,0,6,0,-173,63.0,85,56,30,1,-1017,296,44,1,0,0,1,0,0,152,2,8,217,evil_twin
130,-3,0,0,3,0,-173,63.0,85,56,31,0,-999,296,44,1,0,0,1,0,0,153,2,8,217,evil_twin
130,-3,0,0,3,0,-173,63.0,85,56,31,0,-999,296,44,1,0,0,1,0,0,154,2,8,217,evil_twin
130,-3,0,0,1,0,-173,63.0,85,56,40,-9,-984,296,44,1,0,0,1,0,0,155,2,8,217,evil_twin
130,-3,0,0,1,0,-173,63.0,85,56,40,-9,-984,295,44,1,0,0,1,0,0,156,2,8,216,evil_twin
130,-3,0,0,0,0,-173,63.0,86,56,33,-8,-989,297,44,1,0,0,1,0,0,157,2,8,218,evil_twin
130,-3,0,0,0,0,-173,63.0,86,56,33,-8,-989,296,44,1,0,0,1,0,0,158,2,8,217,evil_twin
130,-3,0,0,0,0,-173,63.0,86,56,27,-6,-1001,295,44,1,0,0,1,0,0,159,2,8,216,evil_twin
130,-3,0,0,0,0,-173,63.0,86,56,27,-6,-1001,296,44,1,0,0,1,0,0,161,2,8,217,evil_twin
130,-2,0,0,0,0,-173,63.0,86,56,14,-2,-985,297,44,1,0,0,1,0,0,162,2,8,218,evil_twin
130,-2,0,0,0,0,-173,63.0,86,56,14,-2,-985,295,44,1,0,0,1,0,0,163,2,8,216,evil_twin
130,-2,0,0,0,0,-173,63.0,86,56,26,-18,-986,297,44,1,0,0,1,0,0,164,2,8,218,evil_twin
130,-2,0,0,0,0,-173,63.0,86,56,26,-18,-986,297,44,1,0,0,1,0,0,165,2,8,218,evil_twin
130,-2,0,0,0,0,-173,63.0,86,56,18,-6,-988,298,44,1,0,0,1,0,0,166,2,8,219,evil_twin
130,-2,0,0,0,0,-173,63.0,86,56,18,-6,-988,125,44,1,0,0,1,0,0,167,2,8,46,evil_twin
130,-2,0,0,0,0,-173,63.0,86,56,35,-15,-993,297,44,1,0,0,1,0,0,168,2,8,218,evil_twin
130,-2,0,0,0,0,-173,63.0,86,56,35,-15,-993,298,44,1,0,0,1,0,0,169,2,8,219,evil_twin
130,-2,0,0,0,0,-173,63.5,86,56,28,-19,-994,141,44,0,1,1,0,0,0,127,2,8,62,evil_twin
130,-2,0,0,0,0,-173,63.5,86,56,28,-19,-994,296,44,1,0,0,1,0,0,170,2,8,217,evil_twin
130,-2,0,0,0,0,-173,63.5,86,56,28,-19,-994,296,44,1,0,0,1,0,0,171,2,8,217,evil_twin
130,-2,0,0,0,0,-173,63.5,86,56,28,-19,-994,296,44,1,0,0,1,0,0,171,2,8,217,evil_twin
130,-2,0,0,0,0,-173,63.5,86,56,22,-13,-991,299,44,1,0,0,1,0,0,172,2,8,220,evil_twin
130,-2,0,0,0,0,-173,63.5,86,56,22,-13,-991,300,44,1,0,0,1,0,0,173,2,8,221,evil_twin
130,-2,0,0,0,0,-173,63.5,86,56,27,-7,-1008,301,44,1,0,0,1,0,0,174,2,8,222,evil_twin
130,-2,0,0,0,0,-173,63.5,86,56,27,-7,-1008,300,44,1,0,0,1,0,0,176,2,8,221,evil_twin
130,-2,0,0,0,0,-173,63.5,86,56,23,-11,-1004,301,44,1,0,0,1,0,0,177,2,8,222,evil_twin
130,-2,0,0,0,0,-173,63.5,86,56,23,-11,-1004,300,44,1,0,0,1,0,0,178,2,8,221,evil_twin
130,-2,0,0,0,0,-173,63.5,87,56,12,-9,-996,300,44,1,0,0,1,0,0,179,2,8,221,evil_twin
130,-2,0,0,0,0,-173,63.5,87,56,12,-9,-996,299,44,1,0,0,1,0,0,180,2,8,220,evil_twin
130,-2,0,0,-1,0,-173,63.5,87,56,23,-4,-992,300,44,1,0,0,1,0,0,181,2,8,221,evil_twin
130,-2,0,0,-1,0,-173,63.5,87,56,23,-4,-992,300,44,1,0,0,1,0,0,182,2,8,221,evil_twin
130,-1,0,0,-4,0,-173,63.5,87,56,16,0,-993,299,44,1,0,0,1,0,0,183,2,8,220,evil_twin
130,-1,0,0,-4,0,-173,63.5,87,56,16,0,-993,300,44,1,0,0,1,0,0,184,2,8,221,evil_twin
130,0,0,0,-2,0,-173,63.5,87,56,-1,-11,-989,299,44,1,0,0,1,0,0,185,2,8,220,evil_twin
130,0,0,0,-2,0,-173,63.5,87,56,-1,-11,-989,300,44,1,0,0,1,0,0,186,2,8,221,evil_twin
130,0,0,0,0,0,-173,63.5,87,56,5,-4,-996,298,44,1,0,0,1,0,0,188,2,8,219,evil_twin
130,0,0,0,0,0,-173,63.5,87,56,5,-4,-996,125,44,1,0,0,1,0,0,189,2,8,46,evil_twin
130,0,0,0,0,0,-173,63.5,87,56,-1,14,-1009,141,44,0,1,1,0,0,0,128,2,8,62,evil_twin
130,0,0,0,0,0,-173,63.5,87,56,-1,14,-1009,297,44,1,0,0,1,0,0,190,2,8,218,evil_twin
130,0,0,0,0,0,-173,63.5,87,56,-1,14,-1009,296,44,1,0,0,1,0,0,191,2,8,217,evil_twin
130,0,0,0,0,0,-173,63.5,87,56,-1,14,-1009,299,44,1,0,0,1,0,0,192,2,8,220,evil_twin
130,0,0,0,0,0,-178,63.0,87,56,8,1,-997,297,44,1,0,0,1,0,0,193,2,8,218,evil_twin
130,0,0,0,0,0,-178,63.0,87,56,8,1,-997,298,44,1,0,0,1,0,0,194,2,8,219,evil_twin
130,0,0,0,0,0,175,63.0,87,56,11,-1,-998,298,44,1,0,0,1,0,0,195,2,8,219,evil_twin
130,0,0,0,0,0,175,63.0,87,56,11,-1,-998,298,44,1,0,0,1,0,0,196,2,8,219,evil_twin
130,0,0,0,0,0,169,63.0,87,56,0,3,-969,298,44,1,0,0,1,0,0,197,2,8,219,evil_twin
130,0,0,0,0,0,169,63.0,87,56,0,3,-969,298,44,1,0,0,1,0,0,198,2,8,219,evil_twin
130,0,0,0,0,0,163,63.0,87,56,26,-6,-989,297,44,1,0,0,1,0,0,199,2,8,218,evil_twin
130,0,0,0,0,0,163,63.0,87,56,26,-6,-989,296,44,1,0,0,1,0,0,200,2,8,217,evil_twin
130,0,0,0,0,0,157,63.0,88,56,1,-6,-1005,296,44,1,0,0,1,0,0,201,2,8,217,evil_twin
130,0,0,0,0,0,157,63.0,88,56,1,-6,-1005,296,44,1,0,0,1,0,0,202,2,8,217,evil_twin
130,0,0,0,0,0,151,63.0,88,56,4,-5,-999,296,44,1,0,0,1,0,0,203,2,8,217,evil_twin
130,0,0,0,0,0,151,63.0,88,56,4,-5,-999,296,44,1,0,0,1,0,0,205,2,8,217,evil_twin
130,0,0,0,0,0,145,63.0,88,56,20,-7,-989,298,44,1,0,0,1,0,0,206,2,8,219,evil_twin
130,0,0,0,0,0,145,63.0,88,56,20,-7,-989,297,44,1,0,0,1,0,0,207,2,8,218,evil_twin
130,0,0,0,0,0,139,63.0,88,56,7,0,-1006,297,44,1,0,0,1,0,0,207,2,8,218,evil_twin
130,0,0,0,0,0,139,63.0,88,56,7,0,-1006,298,44,1,0,0,1,0,0,209,2,8,219,evil_twin
130,0,0,0,0,0,133,63.0,88,56,0,2,-993,125,44,1,0,0,1,0,0,210,2,8,46,evil_twin
130,0,0,0,0,0,133,63.0,88,56,0,2,-993,296,44,1,0,0,1,0,0,212,2,8,217,evil_twin
130,0,0,0,1,0,127,63.0,88,56,1,0,-989,296,44,1,0,0,1,0,0,213,2,8,217,evil_twin
130,0,0,0,1,0,127,63.0,88,56,1,0,-989,297,44,1,0,0,1,0,0,215,2,8,218,evil_twin
130,0,0,0,1,0,127,63.0,88,56,1,0,-989,298,44,1,0,0,1,0,0,216,2,8,219,evil_twin
130,0,0,0,1,0,127,63.0,88,56,1,0,-989,296,44,1,0,0,1,0,0,217,2,8,217,evil_twin
130,0,0,0,0,0,120,63.0,88,56,11,10,-1012,296,44,1,0,0,1,0,0,218,2,8,217,evil_twin
130,0,0,0,0,0,120,63.0,88,56,11,10,-1012,299,44,1,0,0,1,0,0,219,2,8,220,evil_twin
130,0,0,0,0,0,115,63.0,88,56,2,2,-1000,297,44,1,0,0,1,0,0,220,2,8,218,evil_twin
130,0,0,0,0,0,115,63.0,88,56,2,2,-1000,300,44,1,0,0,1,0,0,221,2,8,221,evil_twin
130,0,0,0,0,0,110,63.0,88,56,-2,4,-999,300,44,1,0,0,1,0,0,223,2,8,221,evil_twin
130,0,0,0,0,0,110,63.0,88,56,-2,4,-999,299,44,1,0,0,1,0,0,224,2,8,220,evil_twin
130,0,0,0,0,0,106,63.0,88,56,10,7,-994,298,44,1,0,0,1,0,0,225,2,8,219,evil_twin
130,0,0,0,0,0,106,63.0,88,56,10,7,-994,299,44,1,0,0,1,0,0,226,2,8,220,evil_twin
130,0,0,0,0,0,104,63.0,89,56,-5,-1,-1002,298,44,1,0,0,1,0,0,227,2,8,219,evil_twin
130,0,0,0,0,0,104,63.0,89,56,-5,-1,-1002,297,44,1,0,0,1,0,0,228,2,8,218,evil_twin
130,0,0,0,0,0,101,63.0,89,56,3,9,-996,300,44,1,0,0,1,0,0,229,2,8,221,evil_twin
130,0,0,0,0,0,101,63.0,89,56,3,9,-996,300,44,1,0,0,1,0,0,230,2,8,221,evil_twin
130,0,0,0,0,0,100,63.0,89,56,1,2,-993,298,44,1,0,0,1,0,0,231,2,8,219,evil_twin
130,0,0,0,0,0,100,63.0,89,56,1,2,-993,297,44,1,0,0,1,0,0,232,2,8,218,evil_twin
130,0,0,0,0,0,99,63.0,89,56,14,7,-992,299,44,1,0,0,1,0,0,233,2,8,220,evil_twin
130,0,0,0,0,0,99,63.0,89,56,14,7,-992,125,44,1,0,0,1,0,0,234,2,8,46,evil_twin
130,0,0,0,0,0,98,63.0,89,56,-11,2,-995,141,44,0,1,1,0,0,0,130,2,8,62,evil_twin
130,0,0,0,0,0,98,63.0,89,56,-11,2,-995,298,44,1,0,0,1,0,0,236,2,8,219,evil_twin
130,0,0,0,0,0,97,63.0,89,56,-4,10,-1010,298,44,1,0,0,1,0,0,237,2,8,219,evil_twin
130,0,0,0,0,0,97,63.0,89,56,-4,10,-1010,296,44,1,0,0,1,0,0,238,2,8,217,evil_twin
130,0,0,0,0,0,97,63.5,89,56,9,2,-1006,297,44,1,0,0,1,0,0,239,2,8,218,evil_twin
130,0,0,0,0,0,97,63.5,89,56,9,2,-1006,298,44,1,0,0,1,0,0,240,2,8,219,evil_twin
130,0,0,0,0,0,97,63.5,89,56,9,2,-1006,297,44,1,0,0,1,0,0,241,2,8,218,evil_twin
130,0,0,0,0,0,97,63.5,89,56,9,2,-1006,298,44,1,0,0,1,0,0,242,2,8,219,evil_twin
130,0,0,0,0,0,97,63.5,89,56,7,0,-1006,298,44,1,0,0,1,0,0,243,2,8,219,evil_twin
130,0,0,0,0,0,97,63.5,89,56,7,0,-1006,297,44,1,0,0,1,0,0,244,2,8,218,evil_twin
130,0,0,0,0,0,96,63.5,89,56,2,2,-1013,297,44,1,0,0,1,0,0,245,2,8,218,evil_twin
130,0,0,0,0,0,96,63.5,89,56,2,2,-1013,298,44,1,0,0,1,0,0,246,2,8,219,evil_twin
120,0,0,0,0,1,96,63.5,89,56,9,14,-1005,296,44,1,0,0,1,0,0,247,2,8,217,evil_twin
120,0,0,0,0,1,96,63.5,89,56,9,14,-1005,298,44,1,0,0,1,0,0,248,2,8,219,evil_twin
120,0,0,0,0,7,96,63.5,90,56,11,10,-1021,298,44,1,0,0,1,0,0,249,2,8,219,evil_twin
120,0,0,0,0,7,96,63.5,90,56,11,10,-1021,297,44,1,0,0,1,0,0,250,2,8,218,evil_twin
120,1,0,0,-1,6,95,63.5,90,56,0,0,-1009,297,44,1,0,0,1,0,0,251,2,8,218,evil_twin
120,1,0,0,-1,6,95,63.5,90,56,0,0,-1009,296,44,1,0,0,1,0,0,252,2,8,217,evil_twin
120,2,0,0,0,4,96,63.5,90,55,-5,-7,-1006,298,44,1,0,0,1,0,0,253,2,8,219,evil_twin
120,2,0,0,0,4,96,63.5,90,55,-5,-7,-1006,298,44,1,0,0,1,0,0,254,2,8,219,evil_twin
120,3,0,0,0,1,96,63.5,90,55,-12,-9,-1018,297,44,1,0,0,1,0,0,255,2,8,218,evil_twin
120,3,0,0,0,1,96,63.5,90,55,-12,-9,-1018,298,44,1,0,0,1,0,0,256,2,8,219,evil_twin
120,3,0,0,0,0,96,63.5,90,55,5,-14,-1014,299,44,1,0,0,1,0,0,257,2,8,220,evil_twin
120,3,0,0,0,0,96,63.5,90,55,5,-14,-1014,299,44,1,0,0,1,0,0,257,2,8,220,evil_twin
120,3,0,0,0,-1,96,63.5,90,55,0,-8,-999,125,44,1,0,0,1,0,0,258,2,8,46,evil_twin
120,3,0,0,0,-1,96,63.5,90,55,0,-8,-999,298,44,1,0,0,1,0,0,259,2,8,219,evil_twin
120,3,0,0,0,-1,96,63.5,90,55,0,-8,-999,298,44,1,0,0,1,0,0,259,2,8,219,evil_twin
120,3,0,0,0,-1,96,63.5,90,55,0,-8,-999,297,44,1,0,0,1,0,0,260,2,8,218,evil_twin
120,2,0,0,0,0,96,63.0,90,55,-5,-10,-1001,297,44,1,0,0,1,0,0,260,2,8,218,evil_twin
120,2,0,0,0,0,96,63.0,90,55,-5,-10,-1001,296,44,1,0,0,1,0,0,261,2,8,217,evil_twin
120,2,0,0,0,0,96,63.0,90,55,-11,-16,-1003,141,44,0,1,1,0,0,0,131,2,8,62,evil_twin
120,2,0,0,0,0,96,63.0,90,55,-11,-16,-1003,297,44,1,0,0,1,0,0,262,2,8,218,evil_twin
120,2,0,0,0,0,96,63.0,90,55,6,-11,-999,296,44,1,0,0,1,0,0,263,2,8,217,evil_twin
120,2,0,0,0,0,96,63.0,90,55,6,-11,-999,296,44,1,0,0,1,0,0,264,2,8,217,evil_twin
120,2,0,0,0,0,96,63.0,90,55,9,-17,-992,297,44,1,0,0,1,0,0,265,2,8,218,evil_twin
120,2,0,0,0,0,96,63.0,90,55,9,-17,-992,296,44,1,0,0,1,0,0,266,2,8,217,evil_twin
120,2,0,0,0,0,96,63.0,91,55,-4,-7,-975,296,44,1,0,0,1,0,0,267,2,8,217,evil_twin
120,2,0,0,0,0,96,63.0,91,55,-4,-7,-975,298,44,1,0,0,1,0,0,268,2,8,219,evil_twin
120,2,0,0,0,0,96,63.0,91,55,-3,-5,-1011,297,44,1,0,0,1,0,0,269,2,8,218,evil_twin
120,2,0,0,0,0,96,63.0,91,55,-3,-5,-1011,297,44,1,0,0,1,0,0,270,2,8,218,evil_twin
120,2,0,0,0,0,96,63.0,91,55,0,-8,-1010,298,44,1,0,0,1,0,0,271,2,8,219,evil_twin
120,2,0,0,0,0,96,63.0,91,55,0,-8,-1010,298,44,1,0,0,1,0,0,272,2,8,219,evil_twin
120,2,0,0,0,0,96,63.0,91,55,0,-6,-1000,299,44,1,0,0,1,0,0,273,2,8,220,evil_twin
120,2,0,0,0,0,96,63.0,91,55,0,-6,-1000,298,44,1,0,0,1,0,0,274,2,8,219,evil_twin
120,2,0,0,0,-1,96,63.0,91,55,-5,-8,-995,297,44,1,0,0,1,0,0,275,2,8,218,evil_twin
120,2,0,0,0,-1,96,63.0,91,55,-5,-8,-995,297,44,1,0,0,1,0,0,276,2,8,218,evil_twin
120,1,0,0,2,-1,96,63.0,91,55,-2,3,-995,297,44,1,0,0,1,0,0,277,2,8,218,evil_twin
120,1,0,0,2,-1,96,63.0,91,55,-2,3,-995,297,44,1,0,0,1,0,0,278,2,8,218,evil_twin
120,1,0,0,2,-1,96,63.0,91,55,-2,3,-995,296,44,1,0,0,1,0,0,279,2,8,217,evil_twin
120,1,0,0,2,-1,96,63.0,91,55,-2,3,-995,298,44,1,0,0,1,0,0,280,2,8,219,evil_twin
120,1,0,0,4,-3,96,63.5,91,55,-13,-10,-1062,298,44,1,0,0,1,0,0,281,2,8,219,evil_twin
120,1,0,0,4,-3,96,63.5,91,55,-13,-10,-1062,298,44,1,0,0,1,0,0,281,2,8,219,evil_twin
120,0,1,0,0,-2,96,63.5,91,55,14,-3,-970,296,44,1,0,0,1,0,0,282,2,8,217,evil_twin
120,0,1,0,0,-2,96,63.5,91,55,14,-3,-970,125,44,1,0,0,1,0,0,283,2,8,46,evil_twin
120,0,0,0,-2,-1,96,63.5,91,55,13,0,-1016,297,44,1,0,0,1,0,0,284,2,8,218,evil_twin
120,0,0,0,-2,-1,96,63.5,91,55,13,0,-1016,297,44,1,0,0,1,0,0,284,2,8,218,evil_twin
120,0,0,0,0,0,96,63.5,91,55,-1,2,-1002,297,44,1,0,0,1,0,0,284,2,8,218,evil_twin
120,0,0,0,0,0,96,63.5,91,55,-1,2,-1002,297,44,1,0,0,1,0,0,284,2,8,218,evil_twin
120,0,0,0,0,0,96,63.5,92,55,22,2,-990,299,44,1,0,0,1,0,0,285,2,8,220,evil_twin
120,0,0,0,0,0,96,63.5,92,55,22,2,-990,299,44,1,0,0,1,0,0,285,2,8,220,evil_twin
120,0,0,0,0,0,96,63.5,92,55,21,-4,-1008,299,44,1,0,0,1,0,0,285,2,8,220,evil_twin
120,0,0,0,0,0,96,63.5,92,55,21,-4,-1008,299,44,1,0,0,1,0,0,285,2,8,220,evil_twin
120,0,0,0,0,0,96,63.5,92,55,13,3,-995,141,44,0,1,1,0,0,0,132,2,8,62,evil_twin
120,0,0,0,0,0,96,63.5,92,55,13,3,-995,298,44,1,0,0,1,0,0,286,2,8,219,evil_twin
120,0,0,0,0,0,96,63.5,92,55,13,-5,-994,299,44,1,0,0,1,0,0,287,2,8,220,evil_twin
120,0,0,0,0,0,96,63.5,92,55,13,-5,-994,299,44,1,0,0,1,0,0,288,2,8,220,evil_twin
120,0,0,0,0,0,96,63.5,92,55,15,0,-996,297,44,1,0,0,1,0,0,289,2,8,218,evil_twin
120,0,0,0,0,0,96,63.5,92,55,15,0,-996,301,44,1,0,0,1,0,0,290,2,8,222,evil_twin
120,0,0,0,0,0,96,63.5,92,55,13,8,-1010,300,44,1,0,0,1,0,0,291,2,8,221,evil_twin
120,0,0,0,0,0,96,63.5,92,55,13,8,-1010,300,44,1,0,0,1,0,0,291,2,8,221,evil_twin
120,0,0,0,0,0,96,63.5,92,55,13,8,-1010,300,44,1,0,0,1,0,0,291,2,8,221,evil_twin
120,0,0,0,0,0,96,63.5,92,55,13,8,-1010,300,44,1,0,0,1,0,0,292,2,8,221,evil_twin
120,0,0,0,0,0,96,63.5,92,55,12,8,-1015,301,44,1,0,0,1,0,0,293,2,8,222,evil_twin
120,0,0,0,0,0,96,63.5,92,55,12,8,-1015,300,44,1,0,0,1,0,0,294,2,8,221,evil_twin
120,0,0,0,0,0,96,63.5,92,55,-4,3,-998,301,44,1,0,0,1,0,0,295,2,8,222,evil_twin
120,0,0,0,0,0,96,63.5,92,55,-4,3,-998,300,44,1,0,0,1,0,0,296,2,8,221,evil_twin
120,0,0,0,0,0,96,63.5,92,55,-5,6,-987,300,44,1,0,0,1,0,0,297,2,8,221,evil_twin
120,0,0,0,0,0,96,63.5,92,55,-5,6,-987,301,44,1,0,0,1,0,0,298,2,8,222,evil_twin
120,0,0,0,0,0,96,63.5,92,55,-4,5,-1004,299,44,1,0,0,1,0,0,299,2,8,220,evil_twin
120,0,0,0,0,0,96,63.5,92,55,-4,5,-1004,300,44,1,0,0,1,0,0,300,2,8,221,evil_twin
120,0,0,0,0,0,96,63.5,93,55,-11,14,-1004,301,44,1,0,0,1,0,0,301,2,8,222,evil_twin
120,0,0,0,0,0,96,63.5,93,55,-11,14,-1004,301,44,1,0,0,1,0,0,302,2,8,222,evil_twin
120,0,0,0,0,0,96,63.5,93,55,15,1,-999,301,44,1,0,0,1,0,0,303,2,8,222,evil_twin
120,0,0,0,0,0,96,63.5,93,55,15,1,-999,125,44,1,0,0,1,0,0,304,2,8,46,evil_twin
120,0,0,0,0,0,96,63.5,93,55,-5,3,-989,299,44,1,0,0,1,0,0,305,2,8,220,evil_twin
120,0,0,0,0,0,96,63.5,93,55,-5,3,-989,296,44,1,0,0,1,0,0,306,2,8,217,evil_twin
120,0,0,0,0,0,96,63.5,93,55,12,1,-1003,297,44,1,0,0,1,0,0,307,2,8,218,evil_twin
120,0,0,0,0,0,96,63.5,93,55,12,1,-1003,141,44,0,1,1,0,0,0,133,2,8,62,evil_twin
80,1,0,0,0,-1,61,70.5,59,71,-35,18,-954,265,48,13,0,13,0,0,0,18,2,8,167,FDI
80,1,0,0,0,-1,61,70.5,59,71,-35,18,-954,140,0,41,0,41,0,0,0,1616,0,8,0,FDI
80,1,0,0,0,-1,61,70.5,59,71,-35,18,-954,62,60,8,1,8,1,0,0,0,2,12,0,FDI
80,0,0,0,0,-2,61,70.5,60,71,67,15,-1077,60,344,8,2,8,2,0,0,190,2,4,0,FDI
80,0,0,0,0,-2,61,70.5,60,71,67,15,-1077,266,48,13,0,13,0,0,0,19,2,8,168,FDI
80,0,0,0,0,-2,61,70.5,60,71,67,15,-1077,60,344,8,2,8,2,0,0,191,2,4,0,FDI
80,0,0,0,0,-2,61,70.5,60,71,67,15,-1077,140,0,41,0,41,0,0,0,1617,0,8,0,FDI
80,0,0,0,0,-2,61,70.5,60,71,67,15,-1077,62,60,8,1,8,1,0,0,0,2,12,0,FDI
80,0,0,0,0,-1,61,70.0,60,71,-28,35,-1056,60,44,8,2,8,2,0,0,3041,2,4,0,FDI
80,0,0,0,0,-1,61,70.0,60,71,-28,35,-1056,267,48,13,0,13,0,0,0,20,2,8,169,FDI
80,0,0,0,0,-1,61,70.0,60,71,-28,35,-1056,140,0,41,0,41,0,0,0,1618,0,8,0,FDI
80,0,0,0,0,-1,61,70.0,60,71,-28,35,-1056,62,60,8,1,8,1,0,0,0,2,12,0,FDI
80,0,0,0,0,-1,61,70.0,60,71,-28,35,-1056,60,44,8,2,8,2,0,0,3042,2,4,0,FDI
80,0,0,0,0,-1,61,70.0,60,71,26,34,-983,134,320,32,0,32,0,0,0,1619,0,5,0,FDI
80,0,0,0,0,-1,61,70.0,60,71,26,34,-983,134,320,32,0,32,0,0,0,1619,0,5,0,FDI
80,0,0,0,0,-1,61,70.0,60,71,26,34,-983,134,320,32,0,32,0,0,0,1620,0,5,0,FDI
80,0,0,0,0,-1,61,70.0,60,71,26,34,-983,134,320,32,0,32,0,0,0,1620,0,5,0,FDI
80,0,0,0,0,-1,61,70.0,60,71,26,34,-983,110,48,13,0,13,0,0,0,21,2,8,12,FDI
80,0,0,0,0,-1,61,70.0,61,71,68,5,-1048,266,48,13,0,13,0,0,0,22,2,8,168,FDI
80,0,0,0,0,-1,61,70.0,61,71,68,5,-1048,140,0,41,0,41,0,0,0,1621,0,8,0,FDI
80,0,0,0,0,-1,61,70.0,61,71,68,5,-1048,60,44,8,2,8,2,0,0,3043,2,4,0,FDI
80,0,0,0,0,-1,61,70.0,61,71,68,5,-1048,62,60,8,1,8,1,0,0,0,2,12,0,FDI
80,0,0,0,0,-1,61,70.0,61,71,68,5,-1048,268,48,13,0,13,0,0,0,23,2,8,170,FDI
80,0,0,0,0,-1,61,70.5,61,71,24,25,-1073,140,0,41,0,41,0,0,0,1622,0,8,0,FDI
80,0,0,0,0,-1,61,70.5,61,71,24,25,-1073,62,60,8,1,8,1,0,0,0,2,12,0,FDI
80,0,0,0,0,-1,61,70.5,61,71,24,25,-1073,60,44,8,2,8,2,0,0,3044,2,4,0,FDI
80,0,0,0,0,-1,61,70.5,61,71,24,25,-1073,62,60,8,1,8,1,0,0,0,2,12,0,FDI
80,0,0,0,0,-1,61,70.5,61,71,24,25,-1073,60,44,8,2,8,2,0,0,3045,2,4,0,FDI
80,0,0,0,0,0,61,70.5,61,71,29,11,-1027,266,48,13,0,13,0,0,0,26,2,8,168,FDI
80,0,0,0,0,0,61,70.5,61,71,29,11,-1027,140,0,41,0,41,0,0,0,1624,0,8,0,FDI
80,0,0,0,0,0,61,70.5,61,71,29,11,-1027,62,60,8,1,8,1,0,0,0,2,12,0,FDI
80,0,0,0,0,0,61,70.5,61,71,29,11,-1027,60,44,8,2,8,2,0,0,3046,2,4,0,FDI
80,0,0,0,0,0,61,70.5,61,71,29,11,-1027,140,0,41,0,41,0,0,0,1625,0,8,0,FDI
80,0,0,0,0,0,61,70.5,62,71,20,33,-1006,62,60,8,1,8,1,0,0,0,2,12,0,FDI
80,0,0,0,0,0,61,70.5,62,71,20,33,-1006,60,44,8,2,8,2,0,0,3047,2,4,0,FDI
80,0,0,0,0,0,61,70.5,62,71,20,33,-1006,60,344,8,2,8,2,0,0,192,2,4,0,FDI
80,0,0,0,0,0,61,70.5,62,71,20,33,-1006,60,344,8,2,8,2,0,0,193,2,4,0,FDI
80,0,0,0,0,0,61,70.5,62,71,20,33,-1006,60,344,8,2,8,2,0,0,195,2,4,0,FDI
80,0,0,0,0,-1,61,71.0,62,71,-11,25,-1025,265,48,13,0,13,0,0,0,28,2,8,167,FDI
80,0,0,0,0,-1,61,71.0,62,71,-11,25,-1025,140,0,41,0,41,0,0,0,1626,0,8,0,FDI
80,0,0,0,0,-1,61,71.0,62,71,-11,25,-1025,134,320,25,0,25,0,0,0,1627,0,5,0,FDI
80,0,0,0,0,-1,61,71.0,62,71,-11,25,-1025,266,48,13,0,13,0,0,0,29,2,8,168,FDI
80,0,0,0,0,-1,61,71.0,62,71,-11,25,-1025,140,0,41,0,41,0,0,0,1628,0,8,0,FDI
80,0,0,0,0,-1,61,71.0,62,71,-3,17,-1005,62,60,8,1,8,1,0,0,0,2,12,0,FDI
80,0,0,0,0,-1,61,71.0,62,71,-3,17,-1005,60,44,8,2,8,2,0,0,3049,2,4,0,FDI
80,0,0,0,0,-1,61,71.0,62,71,-3,17,-1005,267,48,13,0,13,0,0,0,30,2,8,169,FDI
80,0,0,0,0,-1,61,71.0,62,71,-3,17,-1005,62,60,8,1,8,1,0,0,0,2,12,0,FDI
80,0,0,0,0,-1,61,71.0,62,71,-3,17,-1005,60,44,8,2,8,2,0,0,3050,2,4,0,FDI
80,0,0,0,0,0,61,71.0,63,71,-4,14,-1010,140,0,41,0,41,0,0,0,1630,0,8,0,FDI
80,0,0,0,0,0,61,71.0,63,71,-4,14,-1010,62,60,8,1,8,1,0,0,0,2,12,0,FDI
80,0,0,0,0,0,61,71.0,63,71,-4,14,-1010,60,44,8,2,8,2,0,0,3051,2,4,0,FDI
80,0,0,0,0,0,61,71.0,63,71,-4,14,-1010,140,0,41,0,41,0,0,0,1631,0,8,0,FDI
80,0,0,0,0,0,61,71.0,63,71,-4,14,-1010,62,60,8,1,8,1,0,0,0,2,12,0,FDI
80,0,0,0,0,0,61,70.5,64,70,40,15,-949,60,44,8,2,8,2,0,0,3052,2,4,0,FDI
80,0,0,0,0,0,61,70.5,64,70,40,15,-949,266,48,13,0,13,0,0,0,33,2,8,168,FDI
80,0,0,0,0,0,61,70.5,64,70,40,15,-949,140,0,41,0,41,0,0,0,1632,0,8,0,FDI
80,0,0,0,0,0,61,70.5,64,70,40,15,-949,62,60,8,1,8,1,0,0,0,2,12,0,FDI
80,0,0,0,0,0,61,70.5,64,70,40,15,-949,60,44,8,2,8,2,0,0,3053,2,4,0,FDI
80,0,0,0,0,0,61,70.5,64,70,6,28,-1041,60,344,8,2,8,2,0,0,196,2,4,0,FDI
80,0,0,0,0,0,61,70.5,64,70,6,28,-1041,60,344,8,2,8,2,0,0,197,2,4,0,FDI
80,0,0,0,0,0,61,70.5,64,70,6,28,-1041,268,48,13,0,13,0,0,0,34,2,8,170,FDI
80,0,0,0,0,0,61,70.5,64,70,6,28,-1041,111,48,13,0,13,0,0,0,35,2,8,13,FDI
80,0,0,0,0,0,61,70.5,64,70,6,28,-1041,140,0,41,0,41,0,0,0,1633,0,8,0,FDI
80,0,0,0,0,0,61,70.5,64,70,17,16,-998,62,60,8,1,8,1,0,0,0,2,12,0,FDI
80,0,0,0,0,0,61,70.5,64,70,17,16,-998,60,44,8,2,8,2,0,0,3054,2,4,0,FDI
80,0,0,0,0,0,61,70.5,64,70,17,16,-998,268,48,13,0,13,0,0,0,36,2,8,170,FDI
80,0,0,0,0,0,61,70.5,64,70,17,16,-998,140,0,41,0,41,0,0,0,1634,0,8,0,FDI
80,0,0,0,0,0,61,70.5,64,70,17,16,-998,62,60,8,1,8,1,0,0,0,2,12,0,FDI
80,0,0,0,0,0,61,71.0,65,70,-5,9,-992,60,44,8,2,8,2,0,0,3055,2,4,0,FDI
80,0,0,0,0,0,61,71.0,65,70,-5,9,-992,269,48,13,0,13,0,0,0,37,2,8,171,FDI
80,0,0,0,0,0,61,71.0,65,70,-5,9,-992,62,60,8,1,8,1,0,0,0,2,12,0,FDI
80,0,0,0,0,0,61,71.0,65,70,-5,9,-992,62,60,8,1,8,1,0,0,0,2,12,0,FDI
80,0,0,0,0,0,61,71.0,65,70,-5,9,-992,60,44,8,2,8,2,0,0,3056,2,4,0,FDI
80,0,0,0,0,-1,61,71.0,65,70,23,27,-982,60,44,8,2,8,2,0,0,3056,2,4,0,FDI
80,0,0,0,0,-1,61,71.0,65,70,23,27,-982,268,48,13,0,13,0,0,0,38,2,8,170,FDI
80,0,0,0,0,-1,61,71.0,65,70,23,27,-982,140,0,41,0,41,0,0,0,1636,0,8,0,FDI
80,0,0,0,0,-1,61,71.0,65,70,23,27,-982,62,60,8,1,8,1,0,0,0,2,12,0,FDI
80,0,0,0,0,-1,61,71.0,65,70,23,27,-982,60,44,8,2,8,2,0,0,3057,2,4,0,FDI
80,0,0,0,0,0,61,71.0,66,70,34,16,-951,269,48,13,0,13,0,0,0,39,2,8,171,FDI
80,0,0,0,0,0,61,71.0,66,70,34,16,-951,140,0,41,0,41,0,0,0,1637,0,8,0,FDI
80,0,0,0,0,0,61,71.0,66,70,34,16,-951,62,60,8,1,8,1,0,0,0,2,12,0,FDI
80,0,0,0,0,0,61,71.0,66,70,34,16,-951,60,44,8,2,8,2,0,0,3058,2,4,0,FDI
80,0,0,0,0,0,61,71.0,66,70,34,16,-951,134,320,26,0,26,0,0,0,1638,0,5,0,FDI
80,0,0,0,0,0,61,71.0,67,70,2,30,-1076,268,48,13,0,13,0,0,0,40,2,8,170,FDI
80,0,0,0,0,0,61,71.0,67,70,2,30,-1076,140,0,41,0,41,0,0,0,1639,0,8,0,FDI
80,0,0,0,0,0,61,71.0,67,70,2,30,-1076,62,60,8,1,8,1,0,0,0,2,12,0,FDI
80,0,0,0,0,0,61,71.0,67,70,2,30,-1076,60,44,8,2,8,2,0,0,3059,2,4,0,FDI
80,0,0,0,0,0,61,71.0,67,70,2,30,-1076,267,48,13,0,13,0,0,0,41,2,8,169,FDI
80,0,0,0,0,0,61,71.0,67,70,10,12,-1018,140,0,41,0,41,0,0,0,1640,0,8,0,FDI
80,0,0,0,0,0,61,71.0,67,70,10,12,-1018,62,60,8,1,8,1,0,0,0,2,12,0,FDI
80,0,0,0,0,0,61,71.0,67,70,10,12,-1018,60,44,8,2,8,2,0,0,3060,2,4,0,FDI
80,0,0,0,0,0,61,71.0,67,70,10,12,-1018,266,48,13,0,13,0,0,0,42,2,8,168,FDI
80,0,0,0,0,0,61,71.0,67,70,10,12,-1018,140,0,41,0,41,0,0,0,1641,0,8,0,FDI
80,0,0,0,0,0,61,71.0,67,70,24,42,-1001,62,60,8,1,8,1,0,0,0,2,12,0,FDI
80,0,0,0,0,0,61,71.0,67,70,24,42,-1001,60,44,8,2,8,2,0,0,3061,2,4,0,FDI
80,0,0,0,0,0,61,71.0,67,70,24,42,-1001,266,48,13,0,13,0,0,0,43,2,8,168,FDI
80,0,0,0,0,0,61,71.0,67,70,24,42,-1001,62,60,8,1,8,1,0,0,0,2,12,0,FDI
80,0,0,0,0,0,61,71.0,67,70,24,42,-1001,60,44,8,2,8,2,0,0,3062,2,4,0,FDI
80,0,0,0,0,0,61,71.0,68,70,-7,21,-1064,110,48,13,0,13,0,0,0,44,2,8,12,FDI
80,0,0,0,0,0,61,71.0,68,70,-7,21,-1064,266,48,13,0,13,0,0,0,45,2,8,168,FDI
80,0,0,0,0,0,61,71.0,68,70,-7,21,-1064,140,0,41,0,41,0,0,0,1643,0,8,0,FDI
80,0,0,0,0,0,61,71.0,68,70,-7,21,-1064,62,60,8,1,8,1,0,0,0,2,12,0,FDI
80,0,0,0,0,0,61,71.0,68,70,-7,21,-1064,60,44,8,2,8,2,0,0,3063,2,4,0,FDI
80,0,0,0,0,0,61,71.0,68,70,-2,2,-926,265,48,13,0,13,0,0,0,46,2,8,167,FDI
80,0,0,0,0,0,61,71.0,68,70,-2,2,-926,111,48,13,0,13,0,0,0,47,2,8,13,FDI
80,0,0,0,0,0,61,71.0,68,70,-2,2,-926,140,0,41,0,41,0,0,0,1644,0,8,0,FDI
80,0,0,0,0,0,61,71.0,68,70,-2,2,-926,267,48,13,0,13,0,0,0,48,2,8,169,FDI
80,0,0,0,0,0,61,71.0,68,70,-2,2,-926,140,0,41,0,41,0,0,0,1645,0,8,0,FDI
80,0,0,0,0,0,61,71.0,69,70,11,17,-905,62,60,8,1,8,1,0,0,0,2,12,0,FDI
80,0,0,0,0,0,61,71.0,69,70,11,17,-905,60,44,8,2,8,2,0,0,3065,2,4,0,FDI
80,0,0,0,0,0,61,71.0,69,70,11,17,-905,266,48,13,0,13,0,0,0,49,2,8,168,FDI
80,0,0,0,0,0,61,71.0,69,70,11,17,-905,60,344,8,2,8,2,0,0,198,2,4,0,FDI
80,0,0,0,0,0,61,71.0,69,70,11,17,-905,60,344,8,2,8,2,0,0,199,2,4,0,FDI
80,0,0,0,0,-1,61,71.5,69,70,27,23,-981,140,0,41,0,41,0,0,0,1646,0,8,0,FDI
80,0,0,0,0,-1,61,71.5,69,70,27,23,-981,62,60,8,1,8,1,0,0,0,2,12,0,FDI
80,0,0,0,0,-1,61,71.5,69,70,27,23,-981,60,44,8,2,8,2,0,0,3066,2,4,0,FDI
80,0,0,0,0,-1,61,71.5,69,70,27,23,-981,266,48,13,0,13,0,0,0,50,2,8,168,FDI
80,0,0,0,0,-1,61,71.5,69,70,27,23,-981,60,344,8,2,8,2,0,0,200,2,4,0,FDI
80,0,0,0,0,-2,61,72.0,70,70,-20,17,-1087,60,344,8,2,8,2,0,0,201,2,4,0,FDI
80,0,0,0,0,-2,61,72.0,70,70,-20,17,-1087,60,344,8,2,8,2,0,0,203,2,4,0,FDI
80,0,0,0,0,-2,61,72.0,70,70,-20,17,-1087,140,0,41,0,41,0,0,0,1647,0,8,0,FDI
80,0,0,0,0,-2,61,72.0,70,70,-20,17,-1087,62,60,8,1,8,1,0,0,0,2,12,0,FDI
80,0,0,0,0,-2,61,72.0,70,70,-20,17,-1087,60,44,8,2,8,2,0,0,3067,2,4,0,FDI
80,0,0,0,0,0,61,71.5,71,69,-10,18,-1008,266,48,13,0,13,0,0,0,51,2,8,168,FDI
80,0,0,0,0,0,61,71.5,71,69,-10,18,-1008,140,0,41,0,41,0,0,0,1648,0,8,0,FDI
80,0,0,0,0,0,61,71.5,71,69,-10,18,-1008,62,60,8,1,8,1,0,0,0,2,12,0,FDI
80,0,0,0,0,0,61,71.5,71,69,-10,18,-1008,60,44,8,2,8,2,0,0,3068,2,4,0,FDI
80,0,0,0,0,0,61,71.5,71,69,-10,18,-1008,265,48,13,0,13,0,0,0,52,2,8,167,FDI
80,0,0,0,-1,0,61,70.5,72,69,-3,23,-932,140,0,41,0,41,0,0,0,1649,0,8,0,FDI
80,0,0,0,-1,0,61,70.5,72,69,-3,23,-932,266,48,13,0,13,0,0,0,53,2,8,168,FDI
80,0,0,0,-1,0,61,70.5,72,69,-3,23,-932,140,0,41,0,41,0,0,0,1650,0,8,0,FDI
80,0,0,0,-1,0,61,70.5,72,69,-3,23,-932,62,60,8,1,8,1,0,0,0,2,12,0,FDI
80,0,0,0,-1,0,61,70.5,72,69,-3,23,-932,60,44,8,2,8,2,0,0,3070,2,4,0,FDI
80,0,0,0,0,-1,61,70.5,73,69,6,15,-1023,266,48,13,0,13,0,0,0,54,2,8,168,FDI
80,0,0,0,0,-1,61,70.5,73,69,6,15,-1023,140,0,41,0,41,0,0,0,1651,0,8,0,FDI
80,0,0,0,0,-1,61,70.5,73,69,6,15,-1023,60,44,8,2,8,2,0,0,3071,2,4,0,FDI
80,0,0,0,0,-1,61,70.5,73,69,6,15,-1023,264,48,13,0,13,0,0,0,55,2,8,166,FDI
80,0,0,0,0,-1,61,70.5,73,69,6,15,-1023,140,0,41,0,41,0,0,0,1652,0,8,0,FDI
80,0,0,0,0,-1,61,71.0,74,69,-21,25,-970,62,60,8,1,8,1,0,0,0,2,12,0,FDI
80,0,0,0,0,-1,61,71.0,74,69,-21,25,-970,60,44,8,2,8,2,0,0,3072,2,4,0,FDI
80,0,0,0,0,-1,61,71.0,74,69,-21,25,-970,267,48,13,0,13,0,0,0,56,2,8,169,FDI
80,0,0,0,0,-1,61,71.0,74,69,-21,25,-970,140,0,41,0,41,0,0,0,1653,0,8,0,FDI
80,0,0,0,0,-1,61,71.0,74,69,-21,25,-970,62,60,8,1,8,1,0,0,0,2,12,0,FDI
80,0,0,0,0,0,61,71.0,75,69,-4,19,-1027,60,44,8,2,8,2,0,0,3073,2,4,0,FDI
80,0,0,0,0,0,61,71.0,75,69,-4,19,-1027,267,48,13,0,13,0,0,0,57,2,8,169,FDI
80,0,0,0,0,0,61,71.0,75,69,-4,19,-1027,111,48,13,0,13,0,0,0,58,2,8,13,FDI
80,0,0,0,0,0,61,71.0,75,69,-4,19,-1027,140,0,41,0,41,0,0,0,1654,0,8,0,FDI
80,0,0,0,0,0,61,71.0,75,69,-4,19,-1027,62,60,8,1,8,1,0,0,0,2,12,0,FDI
80,0,0,0,0,-1,61,71.0,75,69,11,37,-904,60,44,8,2,8,2,0,0,3074,2,4,0,FDI
80,0,0,0,0,-1,61,71.0,75,69,11,37,-904,268,48,13,0,13,0,0,0,59,2,8,170,FDI
80,0,0,0,0,-1,61,71.0,75,69,11,37,-904,140,0,41,0,41,0,0,0,1655,0,8,0,FDI
80,0,0,0,0,-1,61,71.0,75,69,11,37,-904,62,60,8,1,8,1,0,0,0,2,12,0,FDI
80,0,0,0,0,-1,61,71.0,75,69,11,37,-904,60,44,8,2,8,2,0,0,3075,2,4,0,FDI
80,0,0,0,0,-1,61,72.0,76,69,0,8,-959,266,48,13,0,13,0,0,0,60,2,8,168,FDI
80,0,0,0,0,-1,61,72.0,76,69,0,8,-959,140,0,41,0,41,0,0,0,1656,0,8,0,FDI
80,0,0,0,0,-1,61,72.0,76,69,0,8,-959,62,60,8,1,8,1,0,0,0,2,12,0,FDI
80,0,0,0,0,-1,61,72.0,76,69,0,8,-959,60,44,8,2,8,2,0,0,3076,2,4,0,FDI
80,0,0,0,0,-1,61,72.0,76,69,0,8,-959,266,48,13,0,13,0,0,0,61,2,8,168,FDI
80,0,0,0,0,-1,61,72.0,76,69,9,21,-1010,140,0,41,0,41,0,0,0,1657,0,8,0,FDI
80,0,0,0,0,-1,61,72.0,76,69,9,21,-1010,60,44,8,2,8,2,0,0,3077,2,4,0,FDI
80,0,0,0,0,-1,61,72.0,76,69,9,21,-1010,62,60,8,1,8,1,0,0,0,2,12,0,FDI
80,0,0,0,0,-1,61,72.0,76,69,9,21,-1010,98,44,8,1,8,1,0,0,89,2,8,0,FDI
80,0,0,0,0,-1,61,72.0,76,69,9,21,-1010,98,48,13,0,13,0,0,0,62,2,8,0,FDI
80,0,0,0,0,-1,61,72.0,77,69,9,18,-914,266,48,13,0,13,0,0,0,63,2,8,168,FDI
80,0,0,0,0,-1,61,72.0,77,69,9,18,-914,266,48,13,0,13,0,0,0,63,2,8,168,FDI
80,0,0,0,0,-1,61,72.0,77,69,9,18,-914,140,0,41,0,41,0,0,0,1658,0,8,0,FDI
80,0,0,0,0,-1,61,72.0,77,69,9,18,-914,60,44,8,2,8,2,0,0,3078,2,4,0,FDI
80,0,0,0,0,-1,61,72.0,77,69,9,18,-914,60,344,8,2,8,2,0,0,204,2,4,0,FDI
80,0,0,0,0,-1,61,71.0,77,69,25,29,-932,266,48,13,0,13,0,0,0,64,2,8,168,FDI
80,0,0,0,0,-1,61,71.0,77,69,25,29,-932,266,48,13,0,13,0,0,0,64,2,8,168,FDI
80,0,0,0,0,-1,61,71.0,77,69,25,29,-932,266,48,13,0,13,0,0,0,64,2,8,168,FDI
80,0,0,0,0,-1,61,71.0,77,69,25,29,-932,62,60,8,1,8,1,0,0,0,2,12,0,FDI
80,0,0,0,0,-1,61,71.0,77,69,25,29,-932,60,344,8,2,8,2,0,0,205,2,4,0,FDI
80,0,0,0,0,-1,61,71.0,78,69,1,24,-996,140,0,41,0,41,0,0,0,1659,0,8,0,FDI
80,0,0,0,0,-1,61,71.0,78,69,1,24,-996,62,60,8,1,8,1,0,0,0,2,12,0,FDI
80,0,0,0,0,-1,61,71.0,78,69,1,24,-996,140,0,41,0,41,0,0,0,1660,0,8,0,FDI
80,0,0,0,0,-1,61,71.0,78,69,1,24,-996,62,60,8,1,8,1,0,0,0,2,12,0,FDI
80,0,0,0,0,-1,61,71.0,78,69,1,24,-996,60,44,8,2,8,2,0,0,3080,2,4,0,FDI
80,0,0,0,0,-1,61,72.0,78,69,-8,12,-1013,267,48,13,0,13,0,0,0,66,2,8,169,FDI
80,0,0,0,0,-1,61,72.0,78,69,-8,12,-1013,140,0,41,0,41,0,0,0,1661,0,8,0,FDI
80,0,0,0,0,-1,61,72.0,78,69,-8,12,-1013,62,60,8,1,8,1,0,0,0,2,12,0,FDI
80,0,0,0,0,-1,61,72.0,78,69,-8,12,-1013,60,44,8,2,8,2,0,0,3081,2,4,0,FDI
80,0,0,0,0,-1,61,72.0,78,69,-8,12,-1013,265,48,13,0,13,0,0,0,67,2,8,167,FDI
80,0,0,0,-1,-2,61,72.0,79,68,-10,7,-1017,110,48,13,0,13,0,0,0,68,2,8,12,FDI
80,0,0,0,-1,-2,61,72.0,79,68,-10,7,-1017,140,0,41,0,41,0,0,0,1662,0,8,0,FDI
80,0,0,0,-1,-2,61,72.0,79,68,-10,7,-1017,62,60,8,1,8,1,0,0,0,2,12,0,FDI
80,0,0,0,-1,-2,61,72.0,79,68,-10,7,-1017,60,44,8,2,8,2,0,0,3082,2,4,0,FDI
80,0,0,0,-1,-2,61,72.0,79,68,-10,7,-1017,266,48,13,0,13,0,0,0,69,2,8,168,FDI
80,0,0,0,0,-1,61,71.5,80,68,14,18,-1007,140,0,41,0,41,0,0,0,1663,0,8,0,FDI
80,0,0,0,0,-1,61,71.5,80,68,14,18,-1007,60,44,8,2,8,2,0,0,3083,2,4,0,FDI
80,0,0,0,0,-1,61,71.5,80,68,14,18,-1007,62,60,8,1,8,1,0,0,0,2,12,0,FDI
80,0,0,0,0,-1,61,71.5,80,68,14,18,-1007,266,48,13,0,13,0,0,0,70,2,8,168,FDI
80,0,0,0,0,-1,61,71.5,80,68,14,18,-1007,111,48,13,0,13,0,0,0,71,2,8,13,FDI
80,0,0,0,0,-1,61,72.0,80,68,16,30,-979,265,48,13,0,13,0,0,0,72,2,8,167,FDI
80,0,0,0,0,-1,61,72.0,80,68,16,30,-979,140,0,41,0,41,0,0,0,1664,0,8,0,FDI
80,0,0,0,0,-1,61,72.0,80,68,16,30,-979,60,44,8,2,8,2,0,0,3084,2,4,0,FDI
80,0,0,0,0,-1,61,72.0,80,68,16,30,-979,266,48,13,0,13,0,0,0,73,2,8,168,FDI
80,0,0,0,0,-1,61,72.0,80,68,16,30,-979,140,0,41,0,41,0,0,0,1665,0,8,0,FDI
80,0,0,0,0,-1,61,72.0,81,68,3,26,-972,60,44,8,2,8,2,0,0,3085,2,4,0,FDI
80,0,0,0,0,-1,61,72.0,81,68,3,26,-972,267,48,13,0,13,0,0,0,74,2,8,169,FDI
80,0,0,0,0,-1,61,72.0,81,68,3,26,-972,140,0,41,0,41,0,0,0,1666,0,8,0,FDI
80,0,0,0,0,-1,61,72.0,81,68,3,26,-972,62,60,8,1,8,1,0,0,0,2,12,0,FDI
80,0,0,0,0,-1,61,72.0,81,68,3,26,-972,60,44,8,2,8,2,0,0,3086,2,4,0,FDI
80,0,0,0,-2,-1,61,72.5,83,68,3,36,-999,60,344,8,2,8,2,0,0,206,2,4,0,FDI
80,0,0,0,-2,-1,61,72.5,83,68,3,36,-999,60,344,8,2,8,2,0,0,207,2,4,0,FDI
80,0,0,0,-2,-1,61,72.5,83,68,3,36,-999,60,344,8,2,8,2,0,0,209,2,4,0,FDI
80,0,0,0,-2,-1,61,72.5,83,68,3,36,-999,268,48,13,0,13,0,0,0,75,2,8,170,FDI
80,0,0,0,-2,-1,61,72.5,83,68,3,36,-999,140,0,41,0,41,0,0,0,1667,0,8,0,FDI
80,0,0,0,0,-1,61,72.0,83,68,18,29,-957,60,44,8,2,8,2,0,0,3087,2,4,0,FDI
80,0,0,0,0,-1,61,72.0,83,68,18,29,-957,267,48,13,0,13,0,0,0,76,2,8,169,FDI
80,0,0,0,0,-1,61,72.0,83,68,18,29,-957,140,0,41,0,41,0,0,0,1668,0,8,0,FDI
80,0,0,0,0,-1,61,72.0,83,68,18,29,-957,62,60,8,1,8,1,0,0,0,2,12,0,FDI
80,0,0,0,0,-1,61,72.0,83,68,18,29,-957,60,44,8,2,8,2,0,0,3088,2,4,0,FDI
80,0,0,0,1,-2,61,72.0,84,68,-7,26,-1059,140,0,41,0,41,0,0,0,1669,0,8,0,FDI
80,0,0,0,1,-2,61,72.0,84,68,-7,26,-1059,62,60,8,1,8,1,0,0,0,2,12,0,FDI
80,0,0,0,1,-2,61,72.0,84,68,-7,26,-1059,60,44,8,2,8,2,0,0,3089,2,4,0,FDI
80,0,0,0,1,-2,61,72.0,84,68,-7,26,-1059,267,48,13,0,13,0,0,0,78,2,8,169,FDI
80,0,0,0,1,-2,61,72.0,84,68,-7,26,-1059,140,0,41,0,41,0,0,0,1670,0,8,0,FDI
80,0,0,0,0,-1,61,72.0,85,68,-17,15,-935,62,60,8,1,8,1,0,0,0,2,12,0,FDI
80,0,0,0,0,-1,61,72.0,85,68,-17,15,-935,60,44,8,2,8,2,0,0,3090,2,4,0,FDI
80,0,0,0,0,-1,61,72.0,85,68,-17,15,-935,60,344,8,2,8,2,0,0,210,2,4,0,FDI
80,0,0,0,0,-1,61,72.0,85,68,-17,15,-935,60,344,8,2,8,2,0,0,211,2,4,0,FDI
80,0,0,0,0,-1,61,72.0,85,68,-17,15,-935,140,0,41,0,41,0,0,0,1671,0,8,0,FDI
80,0,0,0,0,-1,61,72.0,85,68,42,23,-1016,62,60,8,1,8,1,0,0,0,2,12,0,FDI
80,0,0,0,0,-1,61,72.0,85,68,42,23,-1016,60,44,8,2,8,2,0,0,3091,2,4,0,FDI
80,0,0,0,0,-1,61,72.0,85,68,42,23,-1016,265,48,13,0,13,0,0,0,80,2,8,167,FDI
80,0,0,0,0,-1,61,72.0,85,68,42,23,-1016,140,0,41,0,41,0,0,0,1672,0,8,0,FDI
80,0,0,0,0,-1,61,72.0,85,68,42,23,-1016,62,60,8,1,8,1,0,0,0,2,12,0,FDI
80,0,0,0,0,-1,61,72.0,85,68,18,26,-1069,60,44,8,2,8,2,0,0,3092,2,4,0,FDI
80,0,0,0,0,-1,61,72.0,85,68,18,26,-1069,266,48,13,0,13,0,0,0,81,2,8,168,FDI
80,0,0,0,0,-1,61,72.0,85,68,18,26,-1069,140,0,41,0,41,0,0,0,1673,0,8,0,FDI
80,0,0,0,0,-1,61,72.0,85,68,18,26,-1069,62,60,8,1,8,1,0,0,0,2,12,0,FDI
80,0,0,0,0,-1,61,72.0,85,68,18,26,-1069,60,44,8,2,8,2,0,0,3093,2,4,0,FDI
80,0,0,0,0,-1,61,72.0,86,68,-3,47,-1093,111,48,13,0,13,0,0,0,82,2,8,13,FDI
80,0,0,0,0,-1,61,72.0,86,68,-3,47,-1093,265,48,13,0,13,0,0,0,83,2,8,167,FDI
80,0,0,0,0,-1,61,72.0,86,68,-3,47,-1093,140,0,41,0,41,0,0,0,1674,0,8,0,FDI
80,0,0,0,0,-1,61,72.0,86,68,-3,47,-1093,62,60,8,1,8,1,0,0,0,2,12,0,FDI
80,0,0,0,0,-1,61,72.0,86,68,-3,47,-1093,60,44,8,2,8,2,0,0,3094,2,4,0,FDI
80,0,0,0,-1,0,61,72.0,87,68,34,10,-945,266,48,13,0,13,0,0,0,84,2,8,168,FDI
80,0,0,0,-1,0,61,72.0,87,68,34,10,-945,140,0,41,0,41,0,0,0,1675,0,8,0,FDI
80,0,0,0,-1,0,61,72.0,87,68,34,10,-945,62,60,8,1,8,1,0,0,0,2,12,0,FDI
80,0,0,0,-1,0,61,72.0,87,68,34,10,-945,60,44,8,2,8,2,0,0,3095,2,4,0,FDI
80,0,0,0,-1,0,61,72.0,87,68,34,10,-945,267,48,13,0,13,0,0,0,85,2,8,169,FDI
80,0,0,0,-1,0,61,71.5,88,67,16,34,-1017,100,48,13,0,13,0,0,0,86,2,8,2,FDI
80,0,0,0,-1,0,61,71.5,88,67,16,34,-1017,140,0,41,0,41,0,0,0,1676,0,8,0,FDI
80,0,0,0,-1,0,61,71.5,88,67,16,34,-1017,267,48,13,0,13,0,0,0,87,2,8,169,FDI
80,0,0,0,-1,0,61,71.5,88,67,16,34,-1017,117,44,8,1,8,1,0,0,90,2,8,19,FDI
80,0,0,0,-1,0,61,71.5,88,67,16,34,-1017,140,0,41,0,41,0,0,0,1677,0,8,0,FDI
80,0,0,0,0,-3,61,72.0,91,67,47,14,-972,111,48,13,0,13,0,0,0,95,2,8,13,FDI
80,0,0,0,0,-3,61,72.0,91,67,47,14,-972,140,0,41,0,41,0,0,0,1683,0,8,0,FDI
80,2,0,0,0,0,0,72.0,17,30,36,-8,78,238,44,1,2,1,2,0,0,3456,2,8,176,benign
80,2,0,0,0,0,0,72.0,17,30,36,-8,78,238,44,1,2,1,2,0,0,3456,2,8,176,benign
80,0,0,0,0,0,0,72.0,17,30,27,-8,77,238,44,1,2,1,2,0,0,3456,2,8,176,benign
80,0,0,0,0,0,0,72.0,17,30,27,-8,77,238,44,1,2,1,2,0,0,3456,2,8,176,benign
80,1,0,0,-3,1,0,72.0,18,30,28,-11,75,238,44,1,2,1,2,0,0,3456,2,8,176,benign
80,1,0,0,-3,1,0,72.0,18,30,28,-11,75,238,320,1,2,1,2,0,0,3456,2,8,176,benign
80,1,0,0,0,0,0,72.0,19,30,13,-6,79,238,320,1,2,1,2,0,0,3456,2,8,176,benign
80,1,0,0,0,0,0,72.0,19,30,13,-6,79,238,320,1,2,1,2,0,0,3456,2,8,176,benign
80,1,0,0,0,0,0,72.0,19,30,6,-2,80,238,320,1,2,1,2,0,0,3456,2,8,176,benign
80,1,0,0,0,0,0,72.0,19,30,6,-2,80,238,320,1,2,1,2,0,0,3456,2,8,176,benign
80,0,0,0,0,0,0,72.0,20,30,2,0,82,238,320,1,2,1,2,0,0,3456,2,8,176,benign
80,0,0,0,0,0,0,72.0,20,30,2,0,82,238,320,1,2,1,2,0,0,3456,2,8,176,benign
80,0,0,0,0,0,0,72.0,20,30,0,0,83,238,320,1,2,1,2,0,0,3456,2,8,176,benign
80,0,0,0,0,0,0,72.0,20,30,0,0,83,238,320,1,2,1,2,0,0,3456,2,8,176,benign
80,0,0,0,0,0,0,71.0,21,30,0,0,83,26,60,2,1,2,1,0,0,0,2,12,0,benign
80,0,0,0,0,0,0,71.0,21,30,0,0,83,238,44,1,2,1,2,0,0,3495,2,8,176,benign
80,0,0,-1,0,0,0,71.0,21,30,2,0,88,26,60,2,1,2,1,0,0,0,2,12,0,benign
80,0,0,-1,0,0,0,71.0,21,30,2,0,88,238,44,1,2,1,2,0,0,3496,2,8,176,benign
90,0,0,-1,0,0,0,72.0,22,30,2,0,96,239,44,1,2,1,2,0,0,3497,2,8,177,benign
90,0,0,-1,0,0,0,72.0,22,30,2,0,96,26,60,2,1,2,1,0,0,0,2,12,0,benign
100,0,0,-1,0,0,0,72.0,22,30,1,0,102,238,44,1,2,1,2,0,0,3536,2,8,176,benign
100,0,0,-1,0,0,0,72.0,22,30,1,0,102,26,60,2,1,2,1,0,0,0,2,12,0,benign
110,0,0,0,0,0,0,71.0,23,30,0,2,109,238,44,1,2,1,2,0,0,3537,2,8,176,benign
110,0,0,0,0,0,0,71.0,23,30,0,2,109,26,60,2,1,2,1,0,0,0,2,12,0,benign
100,0,0,0,0,0,0,71.0,23,30,2,2,109,238,44,1,2,1,2,0,0,3577,2,8,176,benign
100,0,0,0,0,0,0,71.0,23,30,2,2,109,238,44,1,2,1,2,0,0,3577,2,8,176,benign
100,0,0,1,0,0,0,71.0,24,30,1,3,104,238,44,1,2,1,2,0,0,3578,2,8,176,benign
100,0,0,1,0,0,0,71.0,24,30,1,3,104,26,60,2,1,2,1,0,0,0,2,12,0,benign
90,0,0,1,0,0,0,71.0,24,30,2,-1,92,239,44,1,2,1,2,0,0,3579,2,8,177,benign
90,0,0,1,0,0,0,71.0,24,30,2,-1,92,26,60,2,1,2,1,0,0,0,2,12,0,benign
80,0,0,0,0,0,0,72.0,25,30,2,0,87,239,44,1,2,1,2,0,0,3618,2,8,177,benign
80,0,0,0,0,0,0,72.0,25,30,2,0,87,26,60,2,1,2,1,0,0,0,2,12,0,benign
80,0,0,0,0,0,0,72.0,25,30,2,0,84,239,44,1,2,1,2,0,0,3619,2,8,177,benign
80,0,0,0,0,0,0,72.0,25,30,2,0,84,239,320,1,2,1,2,0,0,3653,2,8,177,benign
80,3,0,0,-8,0,0,72.0,26,30,-2,-3,84,238,44,1,2,1,2,0,0,3658,2,8,176,benign
80,3,0,0,-8,0,0,72.0,26,30,-2,-3,84,74,44,1,2,1,2,0,0,3659,2,8,12,benign
80,3,0,0,0,0,0,72.0,26,30,-23,-2,84,26,60,2,1,2,1,0,0,0,2,12,0,benign
80,3,0,0,0,0,0,72.0,26,30,-23,-2,84,238,44,1,2,1,2,0,0,3660,2,8,176,benign
80,2,0,0,-1,0,0,72.0,27,30,-38,-1,83,26,60,2,1,2,1,0,0,0,2,12,0,benign
80,2,0,0,-1,0,0,72.0,27,30,-38,-1,83,238,44,1,2,1,2,0,0,3661,2,8,176,benign
80,2,0,0,-1,0,0,72.0,27,30,-36,11,83,26,60,2,1,2,1,0,0,0,2,12,0,benign
80,2,0,0,-1,0,0,72.0,27,30,-36,11,83,238,44,1,2,1,2,0,0,3699,2,8,176,benign
80,2,0,0,-1,0,0,72.0,28,30,-25,9,82,26,60,2,1,2,1,0,0,0,2,12,0,benign
80,2,0,0,-1,0,0,72.0,28,30,-25,9,82,75,44,1,2,1,2,0,0,3700,2,8,13,benign
80,0,0,0,0,0,0,71.0,29,30,-11,4,83,238,44,1,2,1,2,0,0,3701,2,8,176,benign
80,0,0,0,0,0,0,71.0,29,30,-11,4,83,26,60,2,1,2,1,0,0,0,2,12,0,benign
80,1,0,0,-1,0,0,71.0,29,30,-8,2,83,239,44,1,2,1,2,0,0,3740,2,8,177,benign
80,1,0,0,-1,0,0,71.0,29,30,-8,2,83,26,60,2,1,2,1,0,0,0,2,12,0,benign
80,0,0,0,1,0,0,71.0,30,30,-6,4,82,238,44,1,2,1,2,0,0,3741,2,8,176,benign
80,0,0,0,1,0,0,71.0,30,30,-6,4,82,26,60,2,1,2,1,0,0,0,2,12,0,benign
80,0,0,0,0,0,0,71.0,30,30,-4,5,82,239,44,1,2,1,2,0,0,3742,2,8,177,benign
80,0,0,0,0,0,0,71.0,30,30,-4,5,82,26,60,2,1,2,1,0,0,0,2,12,0,benign
80,0,0,0,-6,0,0,71.0,31,30,-6,5,83,75,44,1,2,1,2,0,0,3781,2,8,13,benign
80,0,0,0,-6,0,0,71.0,31,30,-6,5,83,239,44,1,2,1,2,0,0,3782,2,8,177,benign
80,4,0,0,1,0,0,71.0,31,30,1,8,83,26,60,2,1,2,1,0,0,0,2,12,0,benign
80,4,0,0,1,0,0,71.0,31,30,1,8,83,98,320,5,2,5,2,0,0,3419,0,5,0,benign
80,2,0,0,0,0,0,71.0,32,30,16,7,85,239,44,1,2,1,2,0,0,3783,2,8,177,benign
80,2,0,0,0,0,0,71.0,32,30,16,7,85,26,60,2,1,2,1,0,0,0,2,12,0,benign
80,2,0,0,-1,0,0,71.0,32,30,29,8,87,26,60,2,1,2,1,0,0,0,2,12,0,benign
80,2,0,0,-1,0,0,71.0,32,30,29,8,87,26,60,2,1,2,1,0,0,0,2,12,0,benign
80,2,0,0,-1,0,0,72.0,33,30,-48,26,73,238,44,1,2,1,2,0,0,3824,2,8,176,benign
80,2,0,0,-1,0,0,72.0,33,30,-48,26,73,26,60,2,1,2,1,0,0,0,2,12,0,benign
80,2,0,0,0,0,0,72.0,33,30,-21,32,78,26,60,2,1,2,1,0,0,0,2,12,0,benign
80,2,0,0,0,0,0,72.0,33,30,-21,32,78,239,44,1,2,1,2,0,0,3863,2,8,177,benign
80,0,0,0,0,4,0,71.0,34,30,-15,35,75,26,60,2,1,2,1,0,0,0,2,12,0,benign
80,0,0,0,0,4,0,71.0,34,30,-15,35,75,238,44,1,2,1,2,0,0,3864,2,8,176,benign
80,0,0,0,0,0,0,71.0,34,30,-16,26,78,74,44,1,2,1,2,0,0,3865,2,8,12,benign
80,0,0,0,0,0,0,71.0,34,30,-16,26,78,239,44,1,2,1,2,0,0,3903,2,8,177,benign
80,1,2,0,0,0,0,71.0,35,30,-16,26,77,26,60,2,1,2,1,0,0,0,2,12,0,benign
80,1,2,0,0,0,0,71.0,35,30,-16,26,77,238,44,1,2,1,2,0,0,3904,2,8,176,benign
80,0,1,0,0,0,0,71.0,35,30,-4,6,82,238,44,1,2,1,2,0,0,3905,2,8,176,benign
80,0,1,0,0,0,0,71.0,35,30,-4,6,82,98,320,4,2,4,2,0,0,3558,0,5,0,benign
80,0,0,0,0,0,0,72.0,36,30,-2,1,82,98,320,4,2,4,2,0,0,3558,0,5,0,benign
80,0,0,0,0,0,0,72.0,36,30,-2,1,82,26,60,2,1,2,1,0,0,0,2,12,0,benign
80,0,0,0,0,0,14,72.0,36,30,0,1,81,26,60,2,1,2,1,0,0,0,2,12,0,benign
80,0,0,0,0,0,14,72.0,36,30,0,1,81,238,44,1,2,1,2,0,0,3945,2,8,176,benign
80,0,0,0,-1,0,44,71.0,37,30,0,2,82,238,44,1,2,1,2,0,0,3946,2,8,176,benign
80,0,0,0,-1,0,44,71.0,37,30,0,2,82,26,60,2,1,2,1,0,0,0,2,12,0,benign
80,0,0,0,-1,0,74,71.0,37,30,0,1,82,239,44,1,2,1,2,0,0,3947,2,8,177,benign
80,0,0,0,-1,0,74,71.0,37,30,0,1,82,239,44,1,2,1,2,0,0,3986,2,8,177,benign
80,0,0,0,0,0,104,70.0,38,30,0,1,82,26,60,2,1,2,1,0,0,0,2,12,0,benign
80,0,0,0,0,0,104,70.0,38,30,0,1,82,238,44,1,2,1,2,0,0,3987,2,8,176,benign
80,0,0,0,0,0,140,70.0,39,30,3,3,83,238,44,1,2,1,2,0,0,3987,2,8,176,benign
80,0,0,0,0,0,140,70.0,39,30,3,3,83,26,60,2,1,2,1,0,0,0,2,12,0,benign
80,0,0,0,0,0,167,71.0,39,30,2,-4,82,75,44,1,2,1,2,0,0,3988,2,8,13,benign
80,0,0,0,0,0,167,71.0,39,30,2,-4,82,26,60,2,1,2,1,0,0,0,2,12,0,benign
80,0,0,0,0,0,177,71.0,40,30,1,-5,83,238,44,1,2,1,2,0,0,4027,2,8,176,benign
80,0,0,0,0,0,177,71.0,40,30,1,-5,83,26,60,2,1,2,1,0,0,0,2,12,0,benign
80,0,0,0,0,0,178,71.0,40,30,5,-1,83,238,44,1,2,1,2,0,0,4028,2,8,176,benign
80,0,0,0,0,0,178,71.0,40,30,5,-1,83,238,44,1,2,1,2,0,0,4028,2,8,176,benign
80,0,0,0,0,0,178,71.0,41,30,0,-3,83,238,44,1,2,1,2,0,0,4028,2,8,176,benign
80,0,0,0,0,0,178,71.0,41,30,0,-3,83,238,44,1,2,1,2,0,0,4028,2,8,176,benign
80,-1,0,0,-8,0,178,71.0,41,30,-4,-5,82,238,44,1,2,1,2,0,0,4028,2,8,176,benign
80,-1,0,0,-8,0,178,71.0,41,30,-4,-5,82,238,44,1,2,1,2,0,0,4028,2,8,176,benign
80,-3,0,0,1,0,178,71.0,42,30,-14,-1,83,238,320,1,2,1,2,0,0,4028,2,8,176,benign
80,-3,0,0,1,0,178,71.0,42,30,-14,-1,83,238,320,1,2,1,2,0,0,4028,2,8,176,benign
80,-2,0,0,-1,0,178,71.0,42,30,-29,-3,83,238,320,1,2,1,2,0,0,4028,2,8,176,benign
80,-2,0,0,-1,0,178,71.0,42,30,-29,-3,83,238,320,1,2,1,2,0,0,4028,2,8,176,benign
80,-2,0,0,-1,0,178,71.0,43,30,-48,11,83,26,60,2,1,2,1,0,0,0,2,12,0,benign
80,-2,0,0,-1,0,178,71.0,43,30,-48,11,83,238,44,1,2,1,2,0,0,4029,2,8,176,benign
80,-2,0,0,0,0,178,71.0,43,30,15,-17,78,98,320,5,2,5,2,0,0,3663,0,5,0,benign
80,-2,0,0,0,0,178,71.0,43,30,15,-17,78,98,320,5,2,5,2,0,0,3663,0,5,0,benign
80,0,0,0,0,0,178,70.0,44,30,4,-13,79,98,320,5,2,5,2,0,0,3665,0,5,0,benign
80,0,0,0,0,0,178,70.0,44,30,4,-13,79,98,320,5,2,5,2,0,0,3665,0,5,0,benign
80,0,-1,0,0,1,178,70.0,44,30,4,-12,78,98,320,5,2,5,2,0,0,3665,0,5,0,benign
80,0,-1,0,0,1,178,70.0,44,30,4,-12,78,26,60,2,1,2,1,0,0,0,2,12,0,benign
80,0,0,0,0,0,178,71.0,45,30,-7,-4,79,26,60,2,1,2,1,0,0,0,2,12,0,benign
80,0,0,0,0,0,178,71.0,45,30,-7,-4,79,75,44,1,2,1,2,0,0,4068,2,8,13,benign
80,0,0,0,0,0,178,71.0,45,30,-2,-3,80,239,44,1,2,1,2,0,0,4069,2,8,177,benign
80,0,0,0,0,0,178,71.0,45,30,-2,-3,80,26,60,2,1,2,1,0,0,0,2,12,0,benign
80,0,0,0,0,0,178,71.0,46,30,-8,0,79,238,44,1,2,1,2,0,0,12,2,8,176,benign
80,0,0,0,0,0,178,71.0,46,30,-8,0,79,238,44,1,2,1,2,0,0,12,2,8,176,benign
80,-3,0,0,-8,0,178,71.0,46,30,-8,-5,80,26,60,2,1,2,1,0,0,0,2,12,0,benign
80,-3,0,0,-8,0,178,71.0,46,30,-8,-5,80,238,44,1,2,1,2,0,0,13,2,8,176,benign
80,-2,0,0,0,0,178,71.0,47,30,-20,-2,80,26,60,2,1,2,1,0,0,0,2,12,0,benign
80,-2,0,0,0,0,178,71.0,47,30,-20,-2,80,238,44,1,2,1,2,0,0,14,2,8,176,benign
80,-2,0,0,-1,0,178,71.0,48,30,-39,-3,80,26,60,2,1,2,1,0,0,0,2,12,0,benign
80,-2,0,0,-1,0,178,71.0,48,30,-39,-3,80,239,320,1,2,1,2,0,0,49,2,8,177,benign
80,-2,0,0,-1,0,178,71.0,48,30,-35,12,78,239,320,1,2,1,2,0,0,49,2,8,177,benign
80,-2,0,0,-1,0,178,71.0,48,30,-35,12,78,26,60,2,1,2,1,0,0,0,2,12,0,benign
80,-2,0,0,0,0,178,71.0,49,30,-23,14,78,238,44,1,2,1,2,0,0,54,2,8,176,benign
80,-2,0,0,0,0,178,71.0,49,30,-23,14,78,26,60,2,1,2,1,0,0,0,2,12,0,benign
80,0,0,0,0,3,178,71.0,49,30,-8,13,81,238,44,1,2,1,2,0,0,55,2,8,176,benign
80,0,0,0,0,3,178,71.0,49,30,-8,13,81,26,60,2,1,2,1,0,0,0,2,12,0,benign
80,0,0,0,0,3,178,71.0,50,30,-7,13,82,239,44,1,2,1,2,0,0,94,2,8,177,benign
80,0,0,0,0,3,178,71.0,50,30,-7,13,82,26,60,2,1,2,1,0,0,0,2,12,0,benign
80,0,-1,0,0,0,178,70.0,50,30,-5,10,82,239,44,1,2,1,2,0,0,95,2,8,177,benign
80,0,-1,0,0,0,178,70.0,50,30,-5,10,82,26,60,2,1,2,1,0,0,0,2,12,0,benign
80,0,0,0,0,0,178,70.0,51,30,-3,4,81,239,44,1,2,1,2,0,0,96,2,8,177,benign
80,0,0,0,0,0,178,70.0,51,30,-3,4,81,26,60,2,1,2,1,0,0,0,2,12,0,benign
80,0,0,0,0,0,178,71.0,51,30,-3,3,82,239,320,1,2,1,2,0,0,129,2,8,177,benign
80,0,0,0,0,0,178,71.0,51,30,-3,3,82,239,320,1,2,1,2,0,0,129,2,8,177,benign
80,0,0,0,-8,0,178,71.0,52,30,-3,5,82,26,60,2,1,2,1,0,0,0,2,12,0,benign
80,0,0,0,-8,0,178,71.0,52,30,-3,5,82,239,44,1,2,1,2,0,0,135,2,8,177,benign
80,-4,0,0,1,0,178,71.0,52,30,7,6,81,74,44,1,2,1,2,0,0,136,2,8,12,benign
80,-4,0,0,1,0,178,71.0,52,30,7,6,81,26,60,2,1,2,1,0,0,0,2,12,0,benign
80,-2,0,0,-1,0,178,71.0,53,30,29,6,78,238,44,1,2,1,2,0,0,137,2,8,176,benign
80,-2,0,0,-1,0,178,71.0,53,30,29,6,78,239,44,1,2,1,2,0,0,176,2,8,177,benign
80,-2,0,0,-1,0,178,71.0,53,30,46,5,76,26,60,2,1,2,1,0,0,0,2,12,0,benign
80,-2,0,0,-1,0,178,71.0,53,30,46,5,76,238,44,1,2,1,2,0,0,177,2,8,176,benign
80,-2,0,0,0,0,178,70.0,54,30,60,4,65,238,44,1,2,1,2,0,0,217,2,8,176,benign
80,-2,0,0,0,0,178,70.0,54,30,60,4,65,26,60,2,1,2,1,0,0,0,2,12,0,benign
80,-1,0,0,2,0,178,70.0,54,30,32,-12,88,238,44,1,2,1,2,0,0,218,2,8,176,benign
80,-1,0,0,2,0,178,70.0,54,30,32,-12,88,26,60,2,1,2,1,0,0,0,2,12,0,benign
80,0,0,0,0,0,178,71.0,55,30,25,-19,87,239,44,1,2,1,2,0,0,257,2,8,177,benign
80,0,0,0,0,0,178,71.0,55,30,25,-19,87,26,60,2,1,2,1,0,0,0,2,12,0,benign
80,-2,-2,0,-1,0,178,71.0,55,30,22,-19,84,238,44,1,2,1,2,0,0,258,2,8,176,benign
80,-2,-2,0,-1,0,178,71.0,55,30,22,-19,84,75,44,1,2,1,2,0,0,259,2,8,13,benign
80,-1,-1,0,0,0,178,70.0,56,30,17,-19,80,26,60,2,1,2,1,0,0,0,2,12,0,benign
80,-1,-1,0,0,0,178,70.0,56,30,17,-19,80,239,44,1,2,1,2,0,0,260,2,8,177,benign
80,0,-1,0,0,0,178,70.0,57,30,0,-9,81,26,60,2,1,2,1,0,0,0,2,12,0,benign
80,0,-1,0,0,0,178,70.0,57,30,0,-9,81,239,44,1,2,1,2,0,0,299,2,8,177,benign
80,0,0,0,0,0,179,71.0,57,30,-2,-4,80,26,60,2,1,2,1,0,0,0,2,12,0,benign
80,0,0,0,0,0,179,71.0,57,30,-2,-4,80,238,44,1,2,1,2,0,0,300,2,8,176,benign
80,0,0,0,0,0,-149,71.0,58,30,-3,-5,80,26,60,2,1,2,1,0,0,0,2,12,0,benign
80,0,0,0,0,0,-149,71.0,58,30,-3,-5,80,75,320,1,2,1,2,0,0,305,2,8,13,benign
80,0,0,0,-1,0,-119,70.0,58,30,1,-5,81,75,320,1,2,1,2,0,0,305,2,8,13,benign
80,0,0,0,-1,0,-119,70.0,58,30,1,-5,81,75,320,1,2,1,2,0,0,305,2,8,13,benign
80,0,0,0,0,0,-89,70.0,59,30,0,-3,83,75,320,1,2,1,2,0,0,305,2,8,13,benign
80,0,0,0,0,0,-89,70.0,59,30,0,-3,83,75,320,1,2,1,2,0,0,305,2,8,13,benign
80,0,0,0,0,0,-59,71.0,59,30,1,-4,83,75,320,1,2,1,2,0,0,305,2,8,13,benign
80,0,0,0,0,0,-59,71.0,59,30,1,-4,83,75,320,1,2,1,2,0,0,305,2,8,13,benign
80,0,0,0,0,0,-23,71.0,60,30,0,0,80,238,44,1,2,1,2,0,0,338,2,8,176,benign
80,0,0,0,0,0,-23,71.0,60,30,0,0,80,26,60,2,1,2,1,0,0,0,2,12,0,benign
70,0,0,0,0,0,-6,71.0,60,30,-3,0,78,75,44,1,2,1,2,0,0,339,2,8,13,benign
70,0,0,0,0,0,-6,71.0,60,30,-3,0,78,238,44,1,2,1,2,0,0,340,2,8,176,benign
70,0,0,0,0,0,-2,71.0,61,30,-2,0,78,26,60,2,1,2,1,0,0,0,2,12,0,benign
70,0,0,0,0,0,-2,71.0,61,30,-2,0,78,239,44,1,2,1,2,0,0,341,2,8,177,benign
80,0,0,0,0,0,-2,70.0,61,30,-200,-200,-200,74,44,1,2,1,2,0,0,342,2,8,12,benign
80,0,0,0,0,0,-2,70.0,61,30,-200,-200,-200,26,60,2,1,2,1,0,0,0,2,12,0,benign
70,0,0,2,0,0,-2,70.0,62,30,-200,-200,-200,26,60,2,1,2,1,0,0,0,2,12,0,benign
70,0,0,2,0,0,-2,70.0,62,30,-200,-200,-200,238,44,1,2,1,2,0,0,380,2,8,176,benign
50,0,0,4,0,0,-2,70.0,62,30,-200,-200,-200,26,60,2,1,2,1,0,0,0,2,12,0,benign
50,0,0,4,0,0,-2,70.0,62,30,-200,-200,-200,239,44,1,2,1,2,0,0,381,2,8,177,benign
30,0,0,4,0,0,-2,70.0,63,30,-200,-200,-200,26,60,2,1,2,1,0,0,0,2,12,0,benign
30,0,0,4,0,0,-2,70.0,63,30,-200,-200,-200,26,60,2,1,2,1,0,0,0,2,12,0,benign
0,0,0,3,0,0,-2,70.0,63,30,-200,-200,-200,26,60,2,1,2,1,0,0,0,2,12,0,benign
0,0,0,3,0,0,-2,70.0,63,30,-200,-200,-200,239,44,1,2,1,2,0,0,423,2,8,177,benign
80,0,0,0,0,0,0,74.0,7,23,-7,1,84,239,44,1,2,1,2,0,0,423,2,8,177,benign
80,0,0,0,0,0,0,74.0,7,23,-7,1,84,239,44,1,2,1,2,0,0,423,2,8,177,benign
80,0,0,0,0,0,0,74.0,8,23,-7,0,84,239,44,1,2,1,2,0,0,423,2,8,177,benign
80,0,0,0,0,0,0,74.0,8,23,-7,0,84,239,44,1,2,1,2,0,0,423,2,8,177,benign
80,0,0,0,0,0,0,74.0,8,23,-8,0,84,239,44,1,2,1,2,0,0,423,2,8,177,benign
80,0,0,0,0,0,0,74.0,8,23,-8,0,84,239,320,1,2,1,2,0,0,423,2,8,177,benign
80,0,0,0,0,0,0,74.0,9,23,-8,1,84,26,60,2,1,2,1,0,0,0,2,12,0,benign
80,0,0,0,0,0,0,74.0,9,23,-8,1,84,26,60,2,1,2,1,0,0,0,2,12,0,benign
80,0,0,0,0,0,0,74.0,9,23,-10,-1,84,238,44,1,2,1,2,0,0,463,2,8,176,benign
80,0,0,0,0,0,0,74.0,9,23,-10,-1,84,26,60,2,1,2,1,0,0,0,2,12,0,benign
80,0,0,0,0,0,0,74.0,10,23,-10,-2,84,238,44,1,2,1,2,0,0,464,2,8,176,benign
80,0,0,0,0,0,0,74.0,10,23,-10,-2,84,238,44,1,2,1,2,0,0,504,2,8,176,benign
80,0,0,0,0,0,0,74.0,10,23,-7,-2,84,238,44,1,2,1,2,0,0,504,2,8,176,benign
80,0,0,0,0,0,0,74.0,10,23,-7,-2,84,26,60,2,1,2,1,0,0,0,2,12,0,benign
80,0,0,0,-1,0,0,74.0,11,23,-9,-2,84,238,44,1,2,1,2,0,0,505,2,8,176,benign
80,0,0,0,-1,0,0,74.0,11,23,-9,-2,84,26,60,2,1,2,1,0,0,0,2,12,0,benign
80,0,0,0,1,0,0,73.0,11,23,-6,-2,83,238,44,1,2,1,2,0,0,506,2,8,176,benign
80,0,0,0,1,0,0,73.0,11,23,-6,-2,83,26,60,2,1,2,1,0,0,0,2,12,0,benign
80,0,0,0,0,0,0,73.0,12,23,-5,-2,83,26,60,2,1,2,1,0,0,0,2,12,0,benign
80,0,0,0,0,0,0,73.0,12,23,-5,-2,83,239,44,1,2,1,2,0,0,544,2,8,177,benign
80,0,0,0,0,0,0,73.0,12,23,-5,-10,85,26,60,2,1,2,1,0,0,0,2,12,0,benign
80,0,0,0,0,0,0,73.0,12,23,-5,-10,85,239,44,1,2,1,2,0,0,545,2,8,177,benign
80,0,0,0,-1,0,0,73.0,13,23,-10,-14,85,75,44,1,2,1,2,0,0,546,2,8,13,benign
80,0,0,0,-1,0,0,73.0,13,23,-10,-14,85,238,44,1,2,1,2,0,0,585,2,8,176,benign
80,0,0,0,-1,0,0,74.0,13,23,-11,-16,85,26,60,2,1,2,1,0,0,0,2,12,0,benign
80,0,0,0,-1,0,0,74.0,13,23,-11,-16,85,238,44,1,2,1,2,0,0,586,2,8,176,benign
80,4,0,0,-2,0,0,74.0,14,23,-10,-17,85,26,60,2,1,2,1,0,0,0,2,12,0,benign
80,4,0,0,-2,0,0,74.0,14,23,-10,-17,85,238,44,1,2,1,2,0,0,587,2,8,176,benign
80,2,0,0,-1,0,0,73.0,14,23,12,-20,87,238,44,1,2,1,2,0,0,626,2,8,176,benign
80,2,0,0,-1,0,0,73.0,14,23,12,-20,87,26,60,2,1,2,1,0,0,0,2,12,0,benign
80,2,0,0,-1,-1,0,73.0,15,23,24,-7,94,75,44,1,2,1,2,0,0,627,2,8,13,benign
80,2,0,0,-1,-1,0,73.0,15,23,24,-7,94,238,44,1,2,1,2,0,0,628,2,8,176,benign
80,2,0,0,-1,-1,0,74.0,15,23,24,-7,94,238,44,1,2,1,2,0,0,628,2,8,176,benign
80,2,0,0,-1,-1,0,74.0,15,23,24,-7,94,238,44,1,2,1,2,0,0,628,2,8,176,benign
80,2,0,0,-1,0,0,73.0,16,23,24,-7,94,238,44,1,2,1,2,0,0,628,2,8,176,benign
80,2,0,0,-1,0,0,73.0,16,23,24,-7,94,238,44,1,2,1,2,0,0,628,2,8,176,benign
80,2,-1,0,-1,-1,0,73.0,16,23,24,-7,94,238,44,1,2,1,2,0,0,628,2,8,176,benign
80,2,-1,0,-1,-1,0,73.0,16,23,24,-7,94,238,320,1,2,1,2,0,0,628,2,8,176,benign
80,0,0,0,1,0,0,73.0,17,23,40,10,80,238,320,1,2,1,2,0,0,628,2,8,176,benign
80,0,0,0,1,0,0,73.0,17,23,40,10,80,238,320,1,2,1,2,0,0,628,2,8,176,benign
80,0,0,0,-3,-1,0,73.0,17,23,34,13,83,26,60,2,1,2,1,0,0,0,2,12,0,benign
80,0,0,0,-3,-1,0,73.0,17,23,34,13,83,238,320,1,2,1,2,0,0,628,2,8,176,benign
80,2,-1,0,-1,0,0,73.0,18,23,30,16,81,238,320,1,2,1,2,0,0,628,2,8,176,benign
80,2,-1,0,-1,0,0,73.0,18,23,30,16,81,238,320,1,2,1,2,0,0,628,2,8,176,benign
80,2,0,0,0,0,0,73.0,19,23,17,13,81,238,320,1,2,1,2,0,0,628,2,8,176,benign
80,2,0,0,0,0,0,73.0,19,23,17,13,81,238,320,1,2,1,2,0,0,628,2,8,176,benign
80,1,0,0,-1,-1,0,72.0,19,23,6,9,81,238,44,1,2,1,2,0,0,667,2,8,176,benign
80,1,0,0,-1,-1,0,72.0,19,23,6,9,81,26,60,2,1,2,1,0,0,0,2,12,0,benign
80,0,0,0,0,0,0,72.0,20,23,3,7,81,238,44,1,2,1,2,0,0,668,2,8,176,benign
80,0,0,0,0,0,0,72.0,20,23,3,7,81,26,60,2,1,2,1,0,0,0,2,12,0,benign
80,0,0,0,0,0,0,74.0,20,23,2,4,81,238,44,1,2,1,2,0,0,669,2,8,176,benign
80,0,0,0,0,0,0,74.0,20,23,2,4,81,74,44,1,2,1,2,0,0,708,2,8,12,benign
80,0,0,0,0,0,0,74.0,21,23,4,7,81,239,44,1,2,1,2,0,0,709,2,8,177,benign
80,0,0,0,0,0,0,74.0,21,23,4,7,81,26,60,2,1,2,1,0,0,0,2,12,0,benign
80,0,0,0,-1,0,0,73.0,21,23,6,8,81,238,44,1,2,1,2,0,0,710,2,8,176,benign
80,0,0,0,-1,0,0,73.0,21,23,6,8,81,238,44,1,2,1,2,0,0,710,2,8,176,benign
80,0,0,0,0,-1,24,73.0,22,23,7,12,81,238,44,1,2,1,2,0,0,710,2,8,176,benign
80,0,0,0,0,-1,24,73.0,22,23,7,12,81,26,60,2,1,2,1,0,0,0,2,12,0,benign
80,0,0,0,0,0,34,73.0,22,23,7,13,82,238,320,1,2,1,2,0,0,745,2,8,176,benign
80,0,0,0,0,0,34,73.0,22,23,7,13,82,238,320,1,2,1,2,0,0,745,2,8,176,benign
80,0,0,0,0,0,33,73.0,23,23,5,14,81,238,320,1,2,1,2,0,0,745,2,8,176,benign
80,0,0,0,0,0,33,73.0,23,23,5,14,81,238,320,1,2,1,2,0,0,745,2,8,176,benign
80,0,0,0,0,0,8,73.0,23,23,6,15,81,238,320,1,2,1,2,0,0,745,2,8,176,benign
80,0,0,0,0,0,8,73.0,23,23,6,15,81,238,320,1,2,1,2,0,0,745,2,8,176,benign
80,0,0,0,0,0,0,73.0,24,23,7,18,81,26,60,2,1,2,1,0,0,0,2,12,0,benign
80,0,0,0,0,0,0,73.0,24,23,7,18,81,238,44,1,2,1,2,0,0,748,2,8,176,benign
80,0,0,0,-1,-2,0,73.0,24,23,8,18,80,26,60,2,1,2,1,0,0,0,2,12,0,benign
80,0,0,0,-1,-2,0,73.0,24,23,8,18,80,238,44,1,2,1,2,0,0,749,2,8,176,benign
80,0,-1,0,0,0,0,73.0,25,23,7,15,81,26,60,2,1,2,1,0,0,0,2,12,0,benign
80,0,-1,0,0,0,0,73.0,25,23,7,15,81,238,44,1,2,1,2,0,0,750,2,8,176,benign
80,0,-1,0,0,0,0,72.0,25,23,2,9,80,26,60,2,1,2,1,0,0,0,2,12,0,benign
80,0,-1,0,0,0,0,72.0,25,23,2,9,80,238,44,1,2,1,2,0,0,790,2,8,176,benign
80,0,-1,0,0,0,0,72.0,26,23,2,3,80,26,60,2,1,2,1,0,0,0,2,12,0,benign
80,0,-1,0,0,0,0,72.0,26,23,2,3,80,238,44,1,2,1,2,0,0,791,2,8,176,benign
70,1,0,0,-9,0,0,72.0,26,23,3,5,80,26,60,2,1,2,1,0,0,0,2,12,0,benign
70,1,0,0,-9,0,0,72.0,26,23,3,5,80,238,44,1,2,1,2,0,0,830,2,8,176,benign
80,3,0,0,1,0,0,72.0,27,23,-7,7,80,26,60,2,1,2,1,0,0,0,2,12,0,benign
80,3,0,0,1,0,0,72.0,27,23,-7,7,80,238,44,1,2,1,2,0,0,831,2,8,176,benign
80,2,0,0,0,0,0,72.0,28,23,-32,18,77,26,60,2,1,2,1,0,0,0,2,12,0,benign
80,2,0,0,0,0,0,72.0,28,23,-32,18,77,238,44,1,2,1,2,0,0,832,2,8,176,benign
80,2,0,0,-1,0,0,73.0,28,23,-47,-16,77,238,44,1,2,1,2,0,0,832,2,8,176,benign
80,2,0,0,-1,0,0,73.0,28,23,-47,-16,77,26,60,2,1,2,1,0,0,0,2,12,0,benign
80,2,0,0,-1,-1,0,73.0,29,23,-31,-16,81,238,320,1,2,1,2,0,0,838,2,8,176,benign
80,2,0,0,-1,-1,0,73.0,29,23,-31,-16,81,26,60,2,1,2,1,0,0,0,2,12,0,benign
80,2,-1,0,-1,-1,0,73.0,29,23,-19,-17,79,238,44,1,2,1,2,0,0,872,2,8,176,benign
80,2,-1,0,-1,-1,0,73.0,29,23,-19,-17,79,26,60,2,1,2,1,0,0,0,2,12,0,benign
80,0,0,0,0,0,0,73.0,30,23,-10,-11,80,238,44,1,2,1,2,0,0,873,2,8,176,benign
80,0,0,0,0,0,0,73.0,30,23,-10,-11,80,239,320,1,2,1,2,0,0,906,2,8,177,benign
80,0,-1,0,0,-1,0,72.0,30,23,-10,-17,79,239,320,1,2,1,2,0,0,906,2,8,177,benign
80,0,-1,0,0,-1,0,72.0,30,23,-10,-17,79,239,320,1,2,1,2,0,0,906,2,8,177,benign
80,0,-1,0,-1,-1,0,72.0,31,23,-6,-13,80,239,320,1,2,1,2,0,0,906,2,8,177,benign
80,0,-1,0,-1,-1,0,72.0,31,23,-6,-13,80,239,320,1,2,1,2,0,0,906,2,8,177,benign
80,0,-1,0,0,0,0,72.0,31,23,-4,-7,81,239,44,1,2,1,2,0,0,911,2,8,177,benign
80,0,-1,0,0,0,0,72.0,31,23,-4,-7,81,239,44,1,2,1,2,0,0,912,2,8,177,benign
80,0,0,0,0,2,0,72.0,32,23,-3,-5,81,75,44,1,2,1,2,0,0,913,2,8,13,benign
80,0,0,0,0,2,0,72.0,32,23,-3,-5,81,26,60,2,1,2,1,0,0,0,2,12,0,benign
80,0,0,0,0,0,0,72.0,32,23,-3,-5,81,74,44,1,2,1,2,0,0,914,2,8,12,benign
80,0,0,0,0,0,0,72.0,32,23,-3,-5,81,238,44,1,2,1,2,0,0,915,2,8,176,benign
80,0,0,0,-1,0,0,72.0,33,23,-3,-9,83,238,44,1,2,1,2,0,0,915,2,8,176,benign
80,0,0,0,-1,0,0,72.0,33,23,-3,-9,83,239,44,1,2,1,2,0,0,953,2,8,177,benign
80,4,0,0,0,0,0,72.0,33,23,-2,-14,81,26,60,2,1,2,1,0,0,0,2,12,0,benign
80,4,0,0,0,0,0,72.0,33,23,-2,-14,81,238,44,1,2,1,2,0,0,954,2,8,176,benign
80,2,0,0,-1,-1,0,72.0,34,23,18,-25,78,26,60,2,1,2,1,0,0,0,2,12,0,benign
80,2,0,0,-1,-1,0,72.0,34,23,18,-25,78,238,44,1,2,1,2,0,0,993,2,8,176,benign
80,2,0,0,-1,-1,0,72.0,34,23,23,-29,80,75,44,1,2,1,2,0,0,994,2,8,13,benign
80,2,0,0,-1,-1,0,72.0,34,23,23,-29,80,26,60,2,1,2,1,0,0,0,2,12,0,benign
70,2,0,0,-1,-1,0,72.0,35,23,-38,0,85,238,44,1,2,1,2,0,0,995,2,8,176,benign
70,2,0,0,-1,-1,0,72.0,35,23,-38,0,85,26,60,2,1,2,1,0,0,0,2,12,0,benign
80,2,-1,0,-1,-1,0,72.0,35,23,-24,-10,85,239,44,1,2,1,2,0,0,996,2,8,177,benign
80,2,-1,0,-1,-1,0,72.0,35,23,-24,-10,85,26,60,2,1,2,1,0,0,0,2,12,0,benign
80,0,0,0,2,2,0,72.0,36,23,-18,-14,81,239,44,1,2,1,2,0,0,1035,2,8,177,benign
80,0,0,0,2,2,0,72.0,36,23,-18,-14,81,26,60,2,1,2,1,0,0,0,2,12,0,benign
80,0,0,0,-2,-3,0,72.0,37,23,-8,-14,80,239,44,1,2,1,2,0,0,1036,2,8,177,benign
80,0,0,0,-2,-3,0,72.0,37,23,-8,-14,80,26,60,2,1,2,1,0,0,0,2,12,0,benign
70,0,-1,0,0,0,0,72.0,37,23,-8,-10,80,239,44,1,2,1,2,0,0,1076,2,8,177,benign
70,0,-1,0,0,0,0,72.0,37,23,-8,-10,80,26,60,2,1,2,1,0,0,0,2,12,0,benign
70,0,-1,0,0,0,0,72.0,38,23,-4,-6,80,238,44,1,2,1,2,0,0,1077,2,8,176,benign
70,0,-1,0,0,0,0,72.0,38,23,-4,-6,80,26,60,2,1,2,1,0,0,0,2,12,0,benign
80,0,0,0,0,0,18,72.0,38,23,-3,-4,81,238,44,1,2,1,2,0,0,1078,2,8,176,benign
80,0,0,0,0,0,18,72.0,38,23,-3,-4,81,26,60,2,1,2,1,0,0,0,2,12,0,benign
80,0,0,0,0,0,47,72.0,39,23,-2,-7,82,26,60,2,1,2,1,0,0,0,2,12,0,benign
80,0,0,0,0,0,47,72.0,39,23,-2,-7,82,98,320,4,2,4,2,0,0,572,0,5,0,benign
80,0,0,0,0,0,83,72.0,39,23,-1,-19,79,98,320,4,2,4,2,0,0,572,0,5,0,benign
80,0,0,0,0,0,83,72.0,39,23,-1,-19,79,98,320,4,2,4,2,0,0,572,0,5,0,benign
80,0,0,0,0,0,113,72.0,40,23,-1,-12,82,238,44,1,2,1,2,0,0,1116,2,8,176,benign
80,0,0,0,0,0,113,72.0,40,23,-1,-12,82,238,44,1,2,1,2,0,0,1116,2,8,176,benign
80,0,0,0,0,0,143,72.0,40,23,-1,-16,82,238,44,1,2,1,2,0,0,1117,2,8,176,benign
80,0,0,0,0,0,143,72.0,40,23,-1,-16,82,26,60,2,1,2,1,0,0,0,2,12,0,benign
80,0,0,0,0,0,169,72.0,41,23,-4,-19,83,238,44,1,2,1,2,0,0,1118,2,8,176,benign
80,0,0,0,0,0,169,72.0,41,23,-4,-19,83,238,44,1,2,1,2,0,0,1118,2,8,176,benign
80,0,0,0,0,0,177,72.0,41,23,-5,-20,82,238,44,1,2,1,2,0,0,1118,2,8,176,benign
80,0,0,0,0,0,177,72.0,41,23,-5,-20,82,238,44,1,2,1,2,0,0,1118,2,8,176,benign
80,0,0,0,0,0,178,72.0,42,23,-9,-13,81,238,44,1,2,1,2,0,0,1118,2,8,176,benign
80,0,0,0,0,0,178,72.0,42,23,-9,-13,81,26,60,2,1,2,1,0,0,0,2,12,0,benign
70,0,0,0,0,0,178,71.0,42,23,-6,-12,81,238,44,1,2,1,2,0,0,1157,2,8,176,benign
70,0,0,0,0,0,178,71.0,42,23,-6,-12,81,26,60,2,1,2,1,0,0,0,2,12,0,benign
70,-1,0,0,-6,0,178,71.0,43,23,-5,-11,80,238,44,1,2,1,2,0,0,1158,2,8,176,benign
70,-1,0,0,-6,0,178,71.0,43,23,-5,-11,80,26,60,2,1,2,1,0,0,0,2,12,0,benign
70,-2,0,0,0,0,178,71.0,43,23,-22,-12,79,238,44,1,2,1,2,0,0,1159,2,8,176,benign
70,-2,0,0,0,0,178,71.0,43,23,-22,-12,79,239,44,1,2,1,2,0,0,1198,2,8,177,benign
70,-2,0,0,0,0,178,71.0,44,23,-34,-4,81,26,60,2,1,2,1,0,0,0,2,12,0,benign
70,-2,0,0,0,0,178,71.0,44,23,-34,-4,81,238,44,1,2,1,2,0,0,1199,2,8,176,benign
70,0,0,0,0,0,178,72.0,44,23,-40,-1,81,26,60,2,1,2,1,0,0,0,2,12,0,benign
70,0,0,0,0,0,178,72.0,44,23,-40,-1,81,239,44,1,2,1,2,0,0,1200,2,8,177,benign
70,2,0,0,3,0,178,72.0,45,23,-40,-1,81,238,44,1,2,1,2,0,0,1240,2,8,176,benign
70,2,0,0,3,0,178,72.0,45,23,-40,-1,81,26,60,2,1,2,1,0,0,0,2,12,0,benign
70,2,0,0,0,0,178,71.0,46,23,-33,-2,81,238,44,1,2,1,2,0,0,1241,2,8,176,benign
70,2,0,0,0,0,178,71.0,46,23,-33,-2,81,26,60,2,1,2,1,0,0,0,2,12,0,benign
70,2,0,0,0,0,178,71.0,46,23,-29,-6,78,26,60,2,1,2,1,0,0,0,2,12,0,benign
70,2,0,0,0,0,178,71.0,46,23,-29,-6,78,238,44,1,2,1,2,0,0,1279,2,8,176,benign
80,0,0,0,-1,0,178,71.0,47,23,-11,-8,81,238,44,1,2,1,2,0,0,1279,2,8,176,benign
80,0,0,0,-1,0,178,71.0,47,23,-11,-8,81,238,44,1,2,1,2,0,0,1279,2,8,176,benign
80,0,0,0,1,2,178,71.0,47,23,-12,-14,78,238,44,1,2,1,2,0,0,1279,2,8,176,benign
80,0,0,0,1,2,178,71.0,47,23,-12,-14,78,238,44,1,2,1,2,0,0,1279,2,8,176,benign
80,0,0,0,-1,-1,178,71.0,48,23,-4,-5,81,238,320,1,2,1,2,0,0,1279,2,8,176,benign
80,0,0,0,-1,-1,178,71.0,48,23,-4,-5,81,74,44,1,2,1,2,0,0,1280,2,8,12,benign
80,-3,0,0,-8,0,178,71.0,48,23,-10,-3,80,26,60,2,1,2,1,0,0,0,2,12,0,benign
80,-3,0,0,-8,0,178,71.0,48,23,-10,-3,80,238,44,1,2,1,2,0,0,1281,2,8,176,benign
80,-2,0,0,0,0,178,71.0,49,23,-33,6,79,75,44,1,2,1,2,0,0,1282,2,8,13,benign
80,-2,0,0,0,0,178,71.0,49,23,-33,6,79,26,60,2,1,2,1,0,0,0,2,12,0,benign
70,-2,0,0,0,0,178,71.0,49,23,-43,11,80,238,44,1,2,1,2,0,0,1283,2,8,176,benign
70,-2,0,0,0,0,178,71.0,49,23,-43,11,80,26,60,2,1,2,1,0,0,0,2,12,0,benign
70,-2,0,0,-1,-1,178,72.0,50,23,-43,11,80,238,44,1,2,1,2,0,0,1321,2,8,176,benign
70,-2,0,0,-1,-1,178,72.0,50,23,-43,11,80,26,60,2,1,2,1,0,0,0,2,12,0,benign
80,-2,0,0,0,1,178,72.0,50,23,4,-8,78,239,44,1,2,1,2,0,0,1322,2,8,177,benign
80,-2,0,0,0,1,178,72.0,50,23,4,-8,78,26,60,2,1,2,1,0,0,0,2,12,0,benign
70,0,0,0,0,0,178,72.0,51,23,-7,-3,78,26,60,2,1,2,1,0,0,0,2,12,0,benign
70,0,0,0,0,0,178,72.0,51,23,-7,-3,78,75,44,1,2,1,2,0,0,1361,2,8,13,benign
70,1,0,0,0,0,178,71.0,51,23,-6,-7,78,238,44,1,2,1,2,0,0,1362,2,8,176,benign
70,1,0,0,0,0,178,71.0,51,23,-6,-7,78,26,60,2,1,2,1,0,0,0,2,12,0,benign
80,0,0,0,-1,0,178,71.0,52,23,-2,-5,79,239,44,1,2,1,2,0,0,1363,2,8,177,benign
80,0,0,0,-1,0,178,71.0,52,23,-2,-5,79,238,44,1,2,1,2,0,0,1364,2,8,176,benign
80,0,0,0,0,0,178,71.0,52,23,-2,-3,80,26,60,2,1,2,1,0,0,0,2,12,0,benign
80,0,0,0,0,0,178,71.0,52,23,-2,-3,80,238,320,1,2,1,2,0,0,1398,2,8,176,benign
80,0,0,0,0,0,178,71.0,53,23,-6,0,79,238,320,1,2,1,2,0,0,1398,2,8,176,benign
80,0,0,0,0,0,178,71.0,53,23,-6,0,79,238,320,1,2,1,2,0,0,1398,2,8,176,benign
80,0,0,-1,0,0,178,71.0,53,23,0,0,83,238,320,1,2,1,2,0,0,1398,2,8,176,benign
80,0,0,-1,0,0,178,71.0,53,23,0,0,83,26,60,2,1,2,1,0,0,0,2,12,0,benign
90,0,0,-1,0,0,178,71.0,54,23,0,-2,91,238,44,1,2,1,2,0,0,1403,2,8,176,benign
90,0,0,-1,0,0,178,71.0,54,23,0,-2,91,26,60,2,1,2,1,0,0,0,2,12,0,benign
100,0,0,-1,0,0,178,71.0,54,23,0,-6,102,239,44,1,2,1,2,0,0,1404,2,8,177,benign
100,0,0,-1,0,0,178,71.0,54,23,0,-6,102,26,60,2,1,2,1,0,0,0,2,12,0,benign
100,0,0,0,0,0,178,71.0,55,23,-4,-7,107,239,44,1,2,1,2,0,0,1444,2,8,177,benign
100,0,0,0,0,0,178,71.0,55,23,-4,-7,107,26,60,2,1,2,1,0,0,0,2,12,0,benign
110,0,0,0,0,0,178,72.0,55,23,-3,-6,111,238,44,1,2,1,2,0,0,1445,2,8,176,benign
110,0,0,0,0,0,178,72.0,55,23,-3,-6,111,26,60,2,1,2,1,0,0,0,2,12,0,benign
100,0,0,1,0,0,178,72.0,56,23,-6,-5,111,26,60,2,1,2,1,0,0,0,2,12,0,benign
100,0,0,1,0,0,178,72.0,56,23,-6,-5,111,239,44,1,2,1,2,0,0,1484,2,8,177,benign
90,0,0,2,0,0,178,71.0,57,23,-1,-5,103,26,60,2,1,2,1,0,0,0,2,12,0,benign
90,0,0,2,0,0,178,71.0,57,23,-1,-5,103,238,44,1,2,1,2,0,0,1485,2,8,176,benign
90,0,0,1,0,0,178,71.0,57,23,-4,-2,93,74,44,1,2,1,2,0,0,1486,2,8,12,benign
90,0,0,1,0,0,178,71.0,57,23,-4,-2,93,26,60,2,1,2,1,0,0,0,2,12,0,benign
80,0,0,0,0,0,178,71.0,58,23,-1,-1,83,238,44,1,2,1,2,0,0,1526,2,8,176,benign
80,0,0,0,0,0,178,71.0,58,23,-1,-1,83,26,60,2,1,2,1,0,0,0,2,12,0,benign
80,0,0,0,0,0,178,71.0,58,23,-1,-1,83,239,44,1,2,1,2,0,0,1527,2,8,177,benign
80,0,0,0,0,0,178,71.0,58,23,-1,-1,83,238,44,1,2,1,2,0,0,1566,2,8,176,benign
80,-3,0,0,-8,0,178,71.0,59,22,-6,0,79,26,60,2,1,2,1,0,0,0,2,12,0,benign
80,-3,0,0,-8,0,178,71.0,59,22,-6,0,79,238,44,1,2,1,2,0,0,1567,2,8,176,benign
80,-3,0,0,0,0,178,71.0,59,22,-19,7,79,26,60,2,1,2,1,0,0,0,2,12,0,benign
80,-3,0,0,0,0,178,71.0,59,22,-19,7,79,75,44,1,2,1,2,0,0,1568,2,8,13,benign
80,-2,0,0,-1,-1,178,71.0,60,22,-37,14,78,238,44,1,2,1,2,0,0,1607,2,8,176,benign
80,-2,0,0,-1,-1,178,71.0,60,22,-37,14,78,26,60,2,1,2,1,0,0,0,2,12,0,benign
80,-2,0,0,-1,0,178,71.0,60,22,-36,-4,80,239,44,1,2,1,2,0,0,1608,2,8,177,benign
80,-2,0,0,-1,0,178,71.0,60,22,-36,-4,80,26,60,2,1,2,1,0,0,0,2,12,0,benign
70,-2,0,0,0,0,178,71.0,61,22,-26,-8,79,239,44,1,2,1,2,0,0,1609,2,8,177,benign
70,-2,0,0,0,0,178,71.0,61,22,-26,-8,79,238,44,1,2,1,2,0,0,1648,2,8,176,benign
80,0,0,0,1,0,178,71.0,61,22,-12,-7,81,26,60,2,1,2,1,0,0,0,2,12,0,benign
80,0,0,0,1,0,178,71.0,61,22,-12,-7,81,75,44,1,2,1,2,0,0,1649,2,8,13,benign
80,0,0,0,-2,-2,178,71.0,62,22,-12,-9,80,239,44,1,2,1,2,0,0,1650,2,8,177,benign
80,0,0,0,-2,-2,178,71.0,62,22,-12,-9,80,26,60,2,1,2,1,0,0,0,2,12,0,benign
80,0,0,0,0,1,178,71.0,62,22,-6,-5,81,238,44,1,2,1,2,0,0,1688,2,8,176,benign
80,0,0,0,0,1,178,71.0,62,22,-6,-5,81,26,60,2,1,2,1,0,0,0,2,12,0,benign
80,0,0,0,0,0,178,71.0,63,22,-2,-2,81,238,44,1,2,1,2,0,0,1689,2,8,176,benign
80,0,0,0,0,0,178,71.0,63,22,-2,-2,81,26,60,2,1,2,1,0,0,0,2,12,0,benign
80,0,0,0,0,0,178,71.0,63,22,-2,-2,81,238,44,1,2,1,2,0,0,1690,2,8,176,benign
80,0,0,0,0,0,178,71.0,63,22,-2,-2,81,26,60,2,1,2,1,0,0,0,2,12,0,benign
80,-3,0,0,-8,0,178,71.0,64,22,0,0,81,98,320,3,2,3,2,0,0,1110,0,5,0,benign
80,-3,0,0,-8,0,178,71.0,64,22,0,0,81,98,320,3,2,3,2,0,0,1110,0,5,0,benign
80,-3,0,0,0,0,178,71.0,64,22,13,-5,81,98,320,3,2,3,2,0,0,1111,0,5,0,benign
80,-3,0,0,0,0,178,71.0,64,22,13,-5,81,98,320,3,2,3,2,0,0,1111,0,5,0,benign
80,-2,0,0,-1,0,178,71.0,65,22,38,-7,77,238,44,1,2,1,2,0,0,1730,2,8,176,benign
80,-2,0,0,-1,0,178,71.0,65,22,38,-7,77,98,320,3,2,3,2,0,0,1112,0,5,0,benign
80,-2,0,0,-1,0,178,71.0,66,22,45,-6,78,98,320,3,2,3,2,0,0,1112,0,5,0,benign
80,-2,0,0,-1,0,178,71.0,66,22,45,-6,78,98,320,3,2,3,2,0,0,1113,0,5,0,benign
80,-2,0,0,-1,0,178,71.0,66,22,45,-6,78,26,60,2,1,2,1,0,0,0,2,12,0,benign
80,-2,0,0,-1,0,178,71.0,66,22,45,-6,78,239,44,1,2,1,2,0,0,1731,2,8,177,benign
70,-1,0,0,3,0,178,71.0,67,22,28,4,78,98,320,3,2,3,2,0,0,1115,0,5,0,benign
70,-1,0,0,3,0,178,71.0,67,22,28,4,78,98,320,3,2,3,2,0,0,1115,0,5,0,benign
70,-1,0,0,-5,0,178,71.0,67,22,21,-4,80,98,320,3,2,3,2,0,0,1115,0,5,0,benign
70,-1,0,0,-5,0,178,71.0,67,22,21,-4,80,98,320,3,2,3,2,0,0,1116,0,5,0,benign
80,-1,0,0,0,0,178,71.0,68,22,15,-8,81,98,320,3,2,3,2,0,0,1116,0,5,0,benign
80,-1,0,0,0,0,178,71.0,68,22,15,-8,81,26,60,2,1,2,1,0,0,0,2,12,0,benign
80,-1,0,0,0,0,178,71.0,68,22,10,-4,81,26,60,2,1,2,1,0,0,0,2,12,0,benign
80,-1,0,0,0,0,178,71.0,68,22,10,-4,81,238,44,1,2,1,2,0,0,1771,2,8,176,benign
80,0,0,0,0,0,178,70.0,69,21,0,0,81,26,60,2,1,2,1,0,0,0,2,12,0,benign
80,0,0,0,0,0,178,70.0,69,21,0,0,81,238,44,1,2,1,2,0,0,1772,2,8,176,benign
80,0,0,0,0,0,-161,70.0,69,21,-1,3,80,26,60,2,1,2,1,0,0,0,2,12,0,benign
80,0,0,0,0,0,-161,70.0,69,21,-1,3,80,239,44,1,2,1,2,0,0,1773,2,8,177,benign
80,0,0,0,0,0,-119,71.0,70,21,1,-3,81,26,60,2,1,2,1,0,0,0,2,12,0,benign
80,0,0,0,0,0,-119,71.0,70,21,1,-3,81,238,44,1,2,1,2,0,0,1812,2,8,176,benign
80,0,0,0,0,0,-89,71.0,70,21,-3,5,81,238,44,1,2,1,2,0,0,1813,2,8,176,benign
80,0,0,0,0,0,-89,71.0,70,21,-3,5,81,26,60,2,1,2,1,0,0,0,2,12,0,benign
80,0,0,0,0,0,-60,71.0,71,21,-2,5,81,238,44,1,2,1,2,0,0,1814,2,8,176,benign
80,0,0,0,0,0,-60,71.0,71,21,-2,5,81,26,60,2,1,2,1,0,0,0,2,12,0,benign
80,0,0,0,0,0,-24,71.0,71,21,0,7,82,238,44,1,2,1,2,0,0,1852,2,8,176,benign
80,0,0,0,0,0,-24,71.0,71,21,0,7,82,74,44,1,2,1,2,0,0,1853,2,8,12,benign
80,0,0,0,0,0,-6,71.0,72,21,-1,6,82,26,60,2,1,2,1,0,0,0,2,12,0,benign
80,0,0,0,0,0,-6,71.0,72,21,-1,6,82,239,44,1,2,1,2,0,0,1854,2,8,177,benign
80,0,0,0,0,0,-2,71.0,72,21,0,9,80,26,60,2,1,2,1,0,0,0,2,12,0,benign
80,0,0,0,0,0,-2,71.0,72,21,0,9,80,239,44,1,2,1,2,0,0,1855,2,8,177,benign
80,0,0,0,0,0,-3,71.0,73,20,-200,-200,-200,75,44,1,2,1,2,0,0,1856,2,8,13,benign
80,0,0,0,0,0,-3,71.0,73,20,-200,-200,-200,26,60,2,1,2,1,0,0,0,2,12,0,benign
70,0,0,2,0,0,-3,71.0,74,20,-200,-200,-200,26,60,2,1,2,1,0,0,0,2,12,0,benign
70,0,0,2,0,0,-3,71.0,74,20,-200,-200,-200,237,44,1,2,1,2,0,0,1894,2,8,175,benign
50,0,0,4,0,0,-3,71.0,74,20,-200,-200,-200,238,44,1,2,1,2,0,0,1895,2,8,176,benign
50,0,0,4,0,0,-3,71.0,74,20,-200,-200,-200,238,44,1,2,1,2,0,0,1895,2,8,176,benign
20,0,0,4,0,0,-2,71.0,75,20,-200,-200,-200,238,44,1,2,1,2,0,0,1895,2,8,176,benign
20,0,0,4,0,0,-2,71.0,75,20,-200,-200,-200,238,44,1,2,1,2,0,0,1895,2,8,176,benign
0,0,0,2,0,0,-3,71.0,75,20,-200,-200,-200,238,44,1,2,1,2,0,0,1895,2,8,176,benign
0,0,0,2,0,0,-3,71.0,75,20,-200,-200,-200,238,44,1,2,1,2,0,0,1895,2,8,176,benign
0,-1,0,0,-1,0,-2,70.0,76,20,-200,-200,-200,238,320,1,2,1,2,0,0,1895,2,8,176,benign
0,-1,0,0,-1,0,-2,70.0,76,20,-200,-200,-200,238,320,1,2,1,2,0,0,1895,2,8,176,benign
0,-1,0,0,-1,0,-2,70.0,76,20,-200,-200,-200,237,44,1,2,1,2,0,0,1934,2,8,175,benign
0,-1,0,0,-1,0,-2,70.0,76,20,-200,-200,-200,26,60,2,1,2,1,0,0,0,2,12,0,benign
80,0,0,0,0,0,0,53.0,2,100,-6,-3,81,75,44,1,2,1,2,0,0,1935,2,8,13,benign
80,0,0,0,0,0,0,53.0,2,100,-6,-3,81,237,44,1,2,1,2,0,0,1936,2,8,175,benign
80,0,0,0,0,0,0,53.0,3,100,-6,-2,83,26,60,2,1,2,1,0,0,0,2,12,0,benign
80,0,0,0,0,0,0,53.0,3,100,-6,-2,83,237,44,1,2,1,2,0,0,1937,2,8,175,benign
80,0,0,0,0,0,0,53.0,3,100,-5,-4,84,237,44,1,2,1,2,0,0,1976,2,8,175,benign
80,0,0,0,0,0,0,53.0,3,100,-5,-4,84,26,60,2,1,2,1,0,0,0,2,12,0,benign
80,0,0,0,0,0,0,53.0,4,100,-5,-6,84,238,44,1,2,1,2,0,0,1977,2,8,176,benign
80,0,0,0,0,0,0,53.0,4,100,-5,-6,84,26,60,2,1,2,1,0,0,0,2,12,0,benign
80,0,0,0,0,0,0,54.0,4,100,-3,-3,84,75,44,1,2,1,2,0,0,2016,2,8,13,benign
80,0,0,0,0,0,0,54.0,4,100,-3,-3,84,237,44,1,2,1,2,0,0,2017,2,8,175,benign
80,0,0,0,0,0,0,54.0,5,100,-3,-5,85,26,60,2,1,2,1,0,0,0,2,12,0,benign
80,0,0,0,0,0,0,54.0,5,100,-3,-5,85,238,44,1,2,1,2,0,0,2018,2,8,176,benign
80,0,0,0,0,0,0,55.0,5,100,-3,-3,85,26,60,2,1,2,1,0,0,0,2,12,0,benign
80,0,0,0,0,0,0,55.0,5,100,-3,-3,85,237,44,1,2,1,2,0,0,2019,2,8,175,benign
80,0,0,0,0,0,0,55.0,6,100,-2,-5,86,26,60,2,1,2,1,0,0,0,2,12,0,benign
80,0,0,0,0,0,0,55.0,6,100,-2,-5,86,238,44,1,2,1,2,0,0,2057,2,8,176,benign
80,0,0,0,0,0,0,55.0,7,100,-1,-6,87,26,60,2,1,2,1,0,0,0,2,12,0,benign
80,0,0,0,0,0,0,55.0,7,100,-1,-6,87,238,44,1,2,1,2,0,0,2058,2,8,176,benign
80,0,0,0,0,0,22,55.0,7,100,-1,-9,87,74,44,1,2,1,2,0,0,2059,2,8,12,benign
80,0,0,0,0,0,22,55.0,7,100,-1,-9,87,26,60,2,1,2,1,0,0,0,2,12,0,benign
80,0,0,0,0,0,35,55.0,8,100,4,-10,87,26,60,2,1,2,1,0,0,0,2,12,0,benign
80,0,0,0,0,0,35,55.0,8,100,4,-10,87,238,44,1,2,1,2,0,0,2098,2,8,176,benign
80,0,0,0,0,0,37,55.0,8,100,3,-9,87,26,60,2,1,2,1,0,0,0,2,12,0,benign
80,0,0,0,0,0,37,55.0,8,100,3,-9,87,26,60,2,1,2,1,0,0,0,2,12,0,benign
80,0,-1,0,1,0,37,56.0,9,100,6,-10,87,238,44,1,2,1,2,0,0,2100,2,8,176,benign
80,0,-1,0,1,0,37,56.0,9,100,6,-10,87,238,44,1,2,1,2,0,0,2139,2,8,176,benign
80,0,-1,0,0,-1,37,56.0,9,100,4,-9,86,26,60,2,1,2,1,0,0,0,2,12,0,benign
80,0,-1,0,0,-1,37,56.0,9,100,4,-9,86,238,44,1,2,1,2,0,0,2140,2,8,176,benign
80,0,-1,0,0,0,37,55.0,10,100,2,-8,85,26,60,2,1,2,1,0,0,0,2,12,0,benign
80,0,-1,0,0,0,37,55.0,10,100,2,-8,85,237,44,1,2,1,2,0,0,2180,2,8,175,benign
80,0,0,0,-1,1,37,55.0,10,100,4,-6,84,26,60,2,1,2,1,0,0,0,2,12,0,benign
80,0,0,0,-1,1,37,55.0,10,100,4,-6,84,237,44,1,2,1,2,0,0,2181,2,8,175,benign
80,3,2,0,0,0,37,56.0,11,100,9,-11,85,237,44,1,2,1,2,0,0,2182,2,8,175,benign
80,3,2,0,0,0,37,56.0,11,100,9,-11,85,26,60,2,1,2,1,0,0,0,2,12,0,benign
80,2,1,0,-1,0,37,56.0,11,100,25,-26,88,26,60,2,1,2,1,0,0,0,2,12,0,benign
80,2,1,0,-1,0,37,56.0,11,100,25,-26,88,237,44,1,2,1,2,0,0,2221,2,8,175,benign
80,2,1,0,-1,-1,37,56.0,12,100,28,-31,89,26,60,2,1,2,1,0,0,0,2,12,0,benign
80,2,1,0,-1,-1,37,56.0,12,100,28,-31,89,238,44,1,2,1,2,0,0,2222,2,8,176,benign
80,2,0,0,0,-1,37,56.0,12,100,28,-31,89,75,44,1,2,1,2,0,0,2223,2,8,13,benign
80,2,0,0,0,-1,37,56.0,12,100,28,-31,89,237,44,1,2,1,2,0,0,2261,2,8,175,benign
80,1,0,0,2,1,37,56.0,13,100,28,-31,89,26,60,2,1,2,1,0,0,0,2,12,0,benign
80,1,0,0,2,1,37,56.0,13,100,28,-31,89,237,44,1,2,1,2,0,0,2262,2,8,175,benign
80,0,-1,0,0,-1,37,56.0,13,100,28,-31,89,237,44,1,2,1,2,0,0,2262,2,8,175,benign
80,0,-1,0,0,-1,37,56.0,13,100,28,-31,89,26,60,2,1,2,1,0,0,0,2,12,0,benign
80,0,0,0,0,0,37,56.0,14,100,28,-31,89,238,44,1,2,1,2,0,0,2263,2,8,176,benign
80,0,0,0,0,0,37,56.0,14,100,28,-31,89,237,44,1,2,1,2,0,0,2302,2,8,175,benign
80,-2,-2,0,6,-1,37,57.0,14,100,28,-31,89,75,44,1,2,1,2,0,0,2303,2,8,13,benign
80,-2,-2,0,6,-1,37,57.0,14,100,28,-31,89,26,60,2,1,2,1,0,0,0,2,12,0,benign
80,-3,-3,0,3,-2,37,57.0,15,100,28,-31,89,238,44,1,2,1,2,0,0,2304,2,8,176,benign
80,-3,-3,0,3,-2,37,57.0,15,100,28,-31,89,26,60,2,1,2,1,0,0,0,2,12,0,benign
80,-2,-3,0,-1,-1,37,57.0,15,100,16,-23,101,238,44,1,2,1,2,0,0,2343,2,8,176,benign
80,-2,-3,0,-1,-1,37,57.0,15,100,16,-23,101,26,60,2,1,2,1,0,0,0,2,12,0,benign
80,-1,-2,0,-1,-1,37,57.0,16,100,7,-35,87,237,44,1,2,1,2,0,0,2344,2,8,175,benign
80,-1,-2,0,-1,-1,37,57.0,16,100,7,-35,87,26,60,2,1,2,1,0,0,0,2,12,0,benign
80,0,-1,0,0,-1,37,57.0,16,100,-3,-32,85,237,44,1,2,1,2,0,0,2345,2,8,175,benign
80,0,-1,0,0,-1,37,57.0,16,100,-3,-32,85,26,60,2,1,2,1,0,0,0,2,12,0,benign
80,0,-1,0,0,-1,37,57.0,17,100,-4,-27,85,237,44,1,2,1,2,0,0,2385,2,8,175,benign
80,0,-1,0,0,-1,37,57.0,17,100,-4,-27,85,26,60,2,1,2,1,0,0,0,2,12,0,benign